# word_id|topics
office|office,friends_relationships
meeting|office,language_learning,home_furniture
schedule|office,time_dates,home_furniture
deadline|office,time_dates,home_furniture
colleague|office,language_learning,home_furniture
supervisor|office,time_dates,home_furniture
department|office,language_learning,home_furniture
agenda|office,language_learning,home_furniture
memo|office,language_learning,home_furniture
document|office,time_dates,home_furniture
photocopy|office,core_verbs
submit|office,core_verbs
approve|office,core_verbs
postpone|office,time_dates,core_verbs
assign|office,friends_relationships
remind|office,friends_relationships
arrange|office,core_verbs
attend|office,home_furniture
efficient|office,time_dates,home_furniture
urgent|office,daily_routine
temporary|office,feelings_personality
productive|office,feelings_personality
stationery|office,language_learning,home_furniture
extension|office,language_learning,home_furniture
delegate|office,friends_relationships
workload|office,time_dates,home_furniture
in_charge_of|idioms_chunks
on_behalf_of|idioms_chunks
headquarters|office,language_learning,home_furniture
reception|office,language_learning,home_furniture
applicant|jobs
candidate|hr_recruiting
resume|it_technology
interview|time_dates,meetings
hire|hr_recruiting
recruit|office,core_verbs
qualified|office,feelings_personality
experience|sales_customer
salary|time_dates,money_banking
wage|time_dates,home_furniture
benefit|jobs
promote|time_dates,core_verbs
resign|office,core_verbs
retire|age_life_stages
employee|office,friends_relationships
employer|jobs
position|numbers_quantity
training|hr_recruiting
performance|arts_entertainment
evaluate|time_dates,core_verbs
probation|time_dates,home_furniture
full_time|time_dates,home_furniture
part_time|time_dates,numbers_quantity
personnel|friends_relationships
reference|describing_things,time_dates,home_furniture
vacancy|finance_accounting
workforce|numbers_quantity
apply_for|idioms_chunks
leave|transport
incentive|office,feelings_personality
account|money_banking,finance_accounting
deposit|money_banking
withdraw|money_banking
loan|money_banking
interest|describing_things,arts_entertainment
balance|money_banking,finance_accounting
transfer|money_banking,finance_accounting
branch|office,numbers_quantity
currency|money_banking
exchange_rate|phrasal_verbs
invest|office,daily_routine
profit|money_banking,finance_accounting
revenue|finance_accounting,numbers_quantity
budget|money_banking,finance_accounting
expense|finance_accounting
afford|money_banking
debt|money_banking,finance_accounting
mortgage|money_banking
savings|finance_accounting
transaction|science_basics
statement|office,language_learning,home_furniture
financial|finance_accounting
economy|time_dates,home_furniture
fund|finance_accounting
stock|logistics
cash|money_banking
credit_card|phrasal_verbs
fee|money_banking
borrow|time_dates,core_verbs
lend|describing_things,core_verbs
invoice|finance_accounting,money_banking
receipt|describing_things,language_learning,home_furniture
tax|money_banking,finance_accounting
audit|finance_accounting
accountant|finance_accounting
calculate|shopping
estimate|shopping
reimburse|travel_holidays
quarter|numbers_quantity
annual|time_dates,home_furniture
deduct|money_banking
figure|numbers_quantity,body_appearance
spreadsheet|it_technology
asset|office,language_learning,home_furniture
payroll|office,language_learning,home_furniture
record|friends_relationships
outstanding|describing_things,feelings_personality
overdue|time_dates,home_furniture
refund|money_banking
charge|money_banking
total|numbers_quantity
increase|numbers_quantity
decrease|time_dates,core_verbs
loss|time_dates,home_furniture
cost|money_banking,finance_accounting
accurate|numbers_quantity
fiscal_year|phrasal_verbs
bill|money_banking
balance_sheet|phrasal_verbs
expenditure|school
advertise|marketing
campaign|marketing
brand|marketing
target|marketing
survey|marketing
competitor|marketing
launch|marketing
promotion|marketing
consumer|marketing
market_share|phrasal_verbs
strategy|marketing
logo|marketing
slogan|marketing
feedback|marketing
trend|marketing
audience|marketing
commercial|marketing
flyer|marketing
demand|marketing
attract|marketing
loyal|marketing
sponsor|marketing
publicity|marketing
innovative|marketing
potential|marketing
research|marketing
image|marketing
billboard|marketing
exclusive|marketing
boost|marketing
customer|shopping,sales_customer
client|sales_customer,contracts_law
discount|shopping
complaint|sales_customer
warranty|sales_customer
purchase|shopping
deliver|logistics
in_stock|idioms_chunks
satisfied|sales_customer
replace|core_verbs
inquiry|describing_things,language_learning,home_furniture
quote|shopping
order|shopping,sales_customer
cashier|money_banking,finance_accounting
salesperson|shopping
retail|shopping
wholesale|shopping
bargain|shopping
apologize|core_verbs
inconvenience|describing_things,feelings_personality
available|city_directions
item|numbers_quantity
checkout|describing_things,language_learning,home_furniture
guarantee|core_verbs
handle|shopping,sales_customer
courteous|hr_recruiting
loyalty_card|shopping
receipt_of|idioms_chunks
exchange|clothes
representative|sales_customer
contract|contracts_law
agreement|numbers_quantity
terms|contracts_law
sign|language_learning,core_verbs
negotiate|shopping
expire|travel_holidays
renew|numbers_quantity
comply_with|idioms_chunks
regulation|contracts_law
lawyer|contracts_law
legal|contracts_law
clause|language_learning,home_furniture
valid|transport
permit|contracts_law
policy|contracts_law
party|events
breach|time_dates,home_furniture
dispute|describing_things,language_learning,home_furniture
court|contracts_law,hotel_restaurant
confidential|describing_things,feelings_personality
liable|office,feelings_personality
obligation|shopping
draft|money_banking,finance_accounting
binding|contracts_law
terminate|time_dates,core_verbs
notice|home_furniture
property|government_society,home_furniture
license|shopping
evidence|contracts_law
authorize|jobs
factory|logistics
manufacture|logistics
warehouse|logistics
shipment|logistics
inventory|logistics
supplier|logistics
assemble|logistics
equipment|logistics
machinery|logistics
quality|logistics
defective|logistics
output|logistics
capacity|logistics
freight|logistics
container|logistics
deliver_on_time|idioms_chunks
track|logistics
package|logistics
load|logistics
raw_material|phrasal_verbs
process|logistics
operate|logistics
maintenance|logistics
safety|logistics
distribute|logistics
shortage|logistics
automate|logistics
delay|time_dates,home_furniture
efficiency|logistics
specification|logistics
price|shopping,sales_customer
cheap|shopping,describing_things
expensive|shopping,describing_things
import|travel_holidays
export|shopping,food_drink
trade|shopping,money_banking
goods|shopping
merchandise|shopping
vendor|shopping,sales_customer
catalog|shopping
bulk|numbers_quantity
affordable|shopping
payment|money_banking,finance_accounting
install|shopping
compare|shopping
brochure|shopping
sale|shopping
customer_service|phrasal_verbs
shopping_mall|phrasal_verbs
brand_new|marketing
second_hand|numbers_quantity,body_appearance
try_on|idioms_chunks
size|clothes
fit|clothes
suit|contracts_law
deal|shopping
wholesaler|shopping
e_commerce|shopping
free_of_charge|idioms_chunks
reasonable|shopping
flight|transport
passenger|transport
luggage|travel_holidays
boarding_pass|phrasal_verbs
departure|time_dates,home_furniture
arrival|nature_landscape
delayed|transport
cancel|weather
book|school,language_learning
reservation|hotel_restaurant
itinerary|travel_holidays
destination|travel_holidays
passport|travel_holidays
customs|money_banking
round_trip|phrasal_verbs
fare|transport
commute|office,home_furniture
platform|transport
aisle|describing_things,language_learning,home_furniture
souvenir|shopping
sightseeing|travel_holidays
tourist|travel_holidays
journey|transport,travel_holidays
traffic_jam|phrasal_verbs
check_in|idioms_chunks
abroad|travel_holidays
accommodation|hotel_restaurant
guide|friends_relationships
map|city_directions
baggage_claim|phrasal_verbs
guest|hotel_restaurant
vacant|describing_things,feelings_personality
check_out|idioms_chunks
front_desk|phrasal_verbs
menu|hotel_restaurant
dish|cooking,food_drink
waiter|hotel_restaurant
chef|hotel_restaurant
ingredient|food_drink
vegetarian|describing_things,daily_routine
tip|hotel_restaurant
serve|hotel_restaurant
amenity|sports_fitness
housekeeping|time_dates,home_furniture
suite|nature_landscape
complimentary|hotel_restaurant
cuisine|food_drink
appetizer|food_drink
dessert|school
beverage|shopping
reserve|home_furniture
cater|office,core_verbs
room_service|phrasal_verbs
lobby|hotel_restaurant
spicy|food_drink
delicious|food_drink
portion|describing_things,language_learning,home_furniture
host|hotel_restaurant
recommend|hotel_restaurant
conference|events
seminar|events
workshop|events
venue|events
register|events
participant|events
speaker|events
presentation|events
organize|events
exhibition|events
trade_fair|phrasal_verbs
banquet|events
invitation|events
ceremony|events
keynote|events
attendee|events
booth|events
catering|events
anniversary|events
celebrate|events
announce|events
award|events
in_advance|idioms_chunks
session|events
venue_capacity|phrasal_verbs
software|it_technology,science_basics
hardware|it_technology
download|office,core_verbs
upload|office,core_verbs
password|it_technology
log_in|idioms_chunks
device|describing_things,language_learning,home_furniture
network|it_technology,internet_social
data|science_basics
backup|describing_things,language_learning,home_furniture
update|time_dates,home_furniture
security|it_technology
virus|it_technology
screen|it_technology
keyboard|it_technology
technician|science_basics
malfunction|describing_things,language_learning,home_furniture
user|friends_relationships
website|internet_social,it_technology
browser|internet_social
attachment|internet_social
artificial_intelligence|phrasal_verbs
innovation|science_basics
digital|it_technology
access|office,language_learning,home_furniture
compatible|describing_things,feelings_personality
troubleshoot|sports_fitness
wireless|it_technology
doctor|health_illness
appointment|friends_relationships
patient|health_illness
symptom|health_illness
prescription|health_illness
pharmacy|science_basics
medicine|health_illness
insurance|office,friends_relationships
treatment|health_illness
recover|core_verbs
injury|science_basics
headache|friends_relationships
fever|weather
clinic|health_illness
surgery|health_illness
emergency|describing_things,daily_routine
nurse|health_illness
check_up|time_dates,home_furniture
allergic|describing_things,feelings_personality
diet|describing_things,language_learning,home_furniture
exercise|sports_fitness
stress|school
cure|health_illness
cough|environment_energy
vaccine|shopping
claim|it_technology
coverage|numbers_quantity
healthy|health_illness
well_being|government_society,home_furniture
apartment|home_furniture
rent|transport
landlord|describing_things,language_learning,home_furniture
tenant|friends_relationships
lease|time_dates,home_furniture
real_estate|phrasal_verbs
neighborhood|describing_things,language_learning,home_furniture
furniture|home_furniture,hotel_restaurant
renovate|home_furniture
utilities|contracts_law,government_society
move|office,home_furniture
spacious|describing_things,feelings_personality
balcony|home_furniture
garage|transport
location|hotel_restaurant
plumber|describing_things,language_learning,home_furniture
leak|home_furniture
residential|transport
roommate|hotel_restaurant
downtown|city_directions
suburb|city_directions
own|nature_landscape
construction|transport
brick|weather
ceiling|home_furniture
household|it_technology
mortgage_rate|phrasal_verbs
student|school
lesson|school
homework|school
exam|school
degree|university
graduate|university
scholarship|university,school
tuition|school
certificate|school
course|school
lecture|university
semester|university
assignment|school
knowledge|time_dates,home_furniture
skill|jobs
improve|time_dates,core_verbs
memorize|school
revise|school
fluent|school
vocabulary|language_learning,home_furniture
grammar|language_learning,home_furniture
pronunciation|language_learning,home_furniture
principal|school,money_banking
curriculum|school
enroll|school
instructor|school
mark|school
motivated|school
practice|school
environment|environment_energy
pollution|environment_energy
recycle|environment_energy
waste|environment_energy
climate_change|phrasal_verbs
renewable|environment_energy
energy|environment_energy,science_basics
solar|weather
emission|environment_energy
conserve|science_basics
sustainable|describing_things,language_learning,home_furniture
plastic|nature_landscape
flood|numbers_quantity
drought|food_drink
wildlife|animals
species|animals
endangered|animals
fuel|environment_energy
reduce|numbers_quantity
protect|health_illness
global_warming|phrasal_verbs
eco_friendly|shopping
resource|hr_recruiting
electricity|weather
carbon_footprint|phrasal_verbs
disposable|describing_things,language_learning,home_furniture
forest|numbers_quantity
organic|shopping
temperature|weather
news|media_news
article|media_news
journalist|media_news
headline|media_news
broadcast|media_news
editor|media_news,friends_relationships
publish|school
magazine|media_news
report|office,language_learning,home_furniture
press|media_news
channel|media_news
subscribe|shopping
advertisement|marketing
source|media_news
fake_news|phrasal_verbs
documentary|nature_landscape
reporter|media_news
column|health_illness
issue|money_banking
viral|media_news
podcast|media_news
announcement|office,government_society,home_furniture
censor|media_news
trending|media_news
live|home_furniture
wake_up|idioms_chunks
breakfast|time_dates,hotel_restaurant
grocery|shopping
laundry|describing_things,daily_routine
chore|office,daily_routine
habit|home_furniture
routine|sports_fitness
neighbor|friends_relationships
weekend|describing_things,language_learning,home_furniture
hobby|describing_things,daily_routine
relax|numbers_quantity
busy|city_directions
tired|time_dates,home_furniture
errand|travel_holidays
hang_out|idioms_chunks
take_a_nap|idioms_chunks
dishes|logistics
fridge|food_drink
alarm|time_dates,home_furniture
traffic|transport
on_time|idioms_chunks
in_a_hurry|idioms_chunks
get_along_with|idioms_chunks
look_after|idioms_chunks
run_out_of|idioms_chunks
analyze|science_basics
theory|science_basics
hypothesis|science_basics
conclusion|describing_things,time_dates,home_furniture
significant|sales_customer
method|science_basics
approach|describing_things,language_learning,home_furniture
factor|shopping
affect|core_verbs
effect|health_illness
define|language_learning,core_verbs
summary|language_learning,home_furniture
percentage|describing_things,numbers_quantity
chart|time_dates,home_furniture
experiment|science_basics
argument|describing_things,language_learning,home_furniture
assume|office,core_verbs
indicate|describing_things,core_verbs
contrast|describing_things,language_learning,home_furniture
previous|time_dates,home_furniture
approximately|travel_holidays
consequence|describing_things,time_dates,home_furniture
crucial|meetings
demonstrate|science_basics
interpret|language_learning,core_verbs
relevant|describing_things,feelings_personality
whereas|function_words
parents|family
sibling|family
cousin|family
niece|family
nephew|family
grandparents|family
husband|family
wife|family
relative|family
raise|family
bring_up|idioms_chunks
get_married|idioms_chunks
divorce|family
engaged|family
relationship|family
close|family
trust|family
support|family
argue|family
generation|family
only_child|phrasal_verbs
twin|family
take_after|idioms_chunks
look_up_to|idioms_chunks
crush|family
date|family
best_friend|phrasal_verbs
happy|feelings_personality
sad|feelings_personality
angry|feelings_personality
excited|travel_holidays
bored|describing_things,daily_routine
nervous|feelings_personality
worried|time_dates,home_furniture
proud|feelings_personality
embarrassed|feelings_personality
confident|numbers_quantity
shy|feelings_personality
friendly|hr_recruiting
honest|describing_things,feelings_personality
lazy|feelings_personality
hard_working|describing_things,feelings_personality
generous|friends_relationships
selfish|family
stressed_out|phrasal_verbs
relieved|media_news
disappointed|media_news
grateful|friends_relationships
jealous|family
lonely|city_directions
calm|describing_things,daily_routine
curious|describing_things,feelings_personality
mood|feelings_personality
upset|describing_things,feelings_personality
thrilled|describing_things,feelings_personality
overwhelmed|school
rice|food_drink,numbers_quantity
noodles|hotel_restaurant
vegetable|food_drink
fruit|food_drink
cook|cooking
boil|cooking
fry|weather
grill|cooking
bake|cooking
recipe|food_drink,cooking
taste|food_drink,describing_things
sweet|food_drink
sour|describing_things,feelings_personality
bitter|food_drink
salty|food_drink
fresh|shopping
snack|food_drink
meal|food_drink
hungry|food_drink
full|transport
leftovers|food_drink
chopsticks|food_drink
street_food|phrasal_verbs
takeaway|food_drink
flavor|friends_relationships
crispy|weather
slice|cooking
starving|hotel_restaurant
mouth_watering|food_drink,body_appearance
sunny|weather
rainy|weather
cloudy|weather
windy|weather
humid|weather
storm|weather
forecast|weather
thunder|weather
lightning|weather
freezing|weather
season|weather
mountain|weather
river|weather
ocean|weather
island|weather
waterfall|weather
cave|weather
sunrise|weather
sunset|weather
rainbow|weather
breeze|weather
heatwave|weather
typhoon|weather
pour|weather
nature|weather
landscape|weather
earthquake|weather
fog|weather
melt|weather
football|sports_fitness
team|sports_fitness,meetings
match|describing_things,friends_relationships
score|describing_things,numbers_quantity
win|sports_fitness
lose|sports_fitness
coach|sports_fitness,meetings
champion|numbers_quantity
tournament|meetings
referee|sports_fitness
stadium|environment_energy
fan|weather
work_out|idioms_chunks
jog|time_dates,core_verbs
gym|sports_fitness
muscle|body_appearance
compete|core_verbs
athlete|transport
medal|sports_fitness
draw|time_dates,home_furniture
injured|describing_things,feelings_personality
cheer|sports_fitness
warm_up|idioms_chunks
badminton|arts_entertainment
movie|arts_entertainment,media_news
actor|arts_entertainment
director|arts_entertainment
plot|describing_things,daily_routine
character|arts_entertainment
episode|describing_things,language_learning,home_furniture
series|shopping
spoiler|hr_recruiting
binge_watch|weather
song|arts_entertainment
lyrics|arts_entertainment
catchy|arts_entertainment
concert|events
band|friends_relationships
album|time_dates,home_furniture
playlist|media_news
game|sports_fitness,arts_entertainment
addictive|media_news
comedy|feelings_personality
horror|describing_things,language_learning,home_furniture
cartoon|media_news
ticket|government_society,contracts_law
trailer|friends_relationships
review|media_news,arts_entertainment
perform|core_verbs
subtitles|it_technology
streaming|describing_things,language_learning,home_furniture
fan_club|phrasal_verbs
masterpiece|office,daily_routine
head|body_appearance
shoulder|body_appearance
knee|sports_fitness
back|feelings_personality
stomach|school
tooth|time_dates,home_furniture
finger|body_appearance
hair|body_appearance
tall|family
slim|describing_things,feelings_personality
curly|body_appearance
good_looking|feelings_personality
cute|describing_things,feelings_personality
skin|body_appearance,health_illness
blink|core_verbs
yawn|meetings
sneeze|body_appearance
height|body_appearance
weight|body_appearance
brain|feelings_personality
heart|sports_fitness
ankle|time_dates,home_furniture
wrist|time_dates,home_furniture
eyebrow|body_appearance
chin|describing_things,numbers_quantity
thumb|describing_things,language_learning,home_furniture
appearance|friends_relationships
pet|animals
puppy|animals
kitten|animals
feed|animals
tail|animals
fur|animals
paw|animals
bark|animals
bite|animals
cage|animals
vet|animals
wild|animals
elephant|animals
tiger|animals
monkey|animals
bird|animals
butterfly|animals
dolphin|animals
turtle|animals
rabbit|animals
hamster|animals
adopt|animals
shelter|animals
cuddle|animals
dragon|animals
feather|animals
nest|animals
insect|animals
habitat|animals
shirt|clothes
jeans|clothes
dress|clothes
jacket|clothes
sneakers|clothes
hat|clothes
scarf|clothes
glasses|clothes
uniform|clothes
fashion|clothes
outfit|clothes
style|clothes
trendy|clothes
loose|clothes
tight|clothes
wear|clothes
put_on|idioms_chunks
take_off|idioms_chunks
pocket|clothes
sleeve|clothes
button|clothes
casual|clothes
formal|clothes
accessory|clothes
jewelry|clothes
umbrella|clothes
look_good_on|idioms_chunks
street|city_directions
crossroads|city_directions
traffic_light|phrasal_verbs
turn_left|idioms_chunks
go_straight|idioms_chunks
opposite|function_words
next_to|phrasal_verbs
between|function_words
corner|city_directions
block|numbers_quantity
bridge|transport
sidewalk|friends_relationships
crowded|shopping
landmark|nature_landscape
museum|arts_entertainment
library|science_basics
post_office|phrasal_verbs
hospital|health_illness
lost|describing_things,feelings_personality
direction|city_directions
far|city_directions
nearby|city_directions
public_transport|phrasal_verbs
motorbike|describing_things,friends_relationships
pedestrian|friends_relationships
park|transport
rush_hour|phrasal_verbs
skyscraper|numbers_quantity,city_directions
post|internet_social
share|media_news
comment|describing_things,language_learning,home_furniture
follower|friends_relationships
influencer|numbers_quantity
hashtag|describing_things,language_learning,home_furniture
selfie|describing_things,language_learning,home_furniture
notification|contracts_law
scroll|time_dates,core_verbs
unfollow|feelings_personality
profile|science_basics
username|it_technology
screenshot|describing_things,language_learning,home_furniture
emoji|describing_things,language_learning,home_furniture
livestream|shopping
content_creator|phrasal_verbs
go_viral|idioms_chunks
online|it_technology,internet_social
offline|describing_things,linking_words
screen_time|phrasal_verbs
digital_detox|phrasal_verbs
privacy|describing_things,language_learning,home_furniture
scam|office,language_learning,home_furniture
reply|time_dates,core_verbs
video_call|phrasal_verbs
charger|it_technology
battery|friends_relationships
app|school
algorithm|contracts_law
no_worries|idioms_chunks
my_bad|idioms_chunks
fair_enough|idioms_chunks
it_s_up_to_you|idioms_chunks
i_m_down|idioms_chunks
hang_on|idioms_chunks
no_way|idioms_chunks
for_real|idioms_chunks
same_here|idioms_chunks
what_s_up|idioms_chunks
take_it_easy|idioms_chunks
good_luck|idioms_chunks
you_got_this|idioms_chunks
long_time_no_see|idioms_chunks
catch_up|idioms_chunks
my_treat|idioms_chunks
i_m_in|idioms_chunks
that_makes_sense|idioms_chunks
i_m_on_my_way|idioms_chunks
never_mind|idioms_chunks
how_come|idioms_chunks
by_the_way|idioms_chunks
i_m_kidding|idioms_chunks
sounds_good|idioms_chunks
cheers|idioms_chunks
hit_me_up|idioms_chunks
low_key|describing_things,feelings_personality
awesome|travel_holidays
chill|time_dates,core_verbs
totally|university
give_up|idioms_chunks
look_for|idioms_chunks
look_forward_to|idioms_chunks
find_out|idioms_chunks
turn_on|idioms_chunks
turn_off|idioms_chunks
turn_down|idioms_chunks
set_up|idioms_chunks
figure_out|idioms_chunks
come_up_with|idioms_chunks
put_off|idioms_chunks
call_off|idioms_chunks
carry_on|idioms_chunks
fill_in|idioms_chunks
pick_up|idioms_chunks
show_up|idioms_chunks
get_over|idioms_chunks
break_down|idioms_chunks
go_on|idioms_chunks
hold_on|idioms_chunks
keep_up_with|idioms_chunks
run_into|idioms_chunks
sign_up|idioms_chunks
work_on|idioms_chunks
end_up|idioms_chunks
deal_with|idioms_chunks
point_out|idioms_chunks
cut_down_on|idioms_chunks
get_rid_of|idioms_chunks
piece_of_cake|idioms_chunks
break_the_ice|idioms_chunks
hit_the_books|idioms_chunks
under_the_weather|idioms_chunks
once_in_a_blue_moon|idioms_chunks
cost_an_arm_and_a_leg|idioms_chunks
hit_the_nail_on_the_head|idioms_chunks
the_ball_is_in_your_court|idioms_chunks
better_late_than_never|idioms_chunks
spill_the_beans|idioms_chunks
on_cloud_nine|idioms_chunks
a_blessing_in_disguise|idioms_chunks
call_it_a_day|idioms_chunks
get_the_hang_of|idioms_chunks
in_hot_water|idioms_chunks
keep_an_eye_on|idioms_chunks
let_the_cat_out_of_the_bag|idioms_chunks
practice_makes_perfect|idioms_chunks
time_flies|idioms_chunks
easier_said_than_done|idioms_chunks
on_the_same_page|idioms_chunks
think_outside_the_box|idioms_chunks
pull_someone_s_leg|idioms_chunks
a_piece_of_advice|idioms_chunks
burn_the_midnight_oil|idioms_chunks
feel_blue|idioms_chunks
rain_cats_and_dogs|idioms_chunks
see_eye_to_eye|idioms_chunks
go_the_extra_mile|idioms_chunks
learn_by_heart|idioms_chunks
say|language_learning,core_verbs
tell|language_learning,core_verbs
make|hotel_restaurant
do|school
be|school
have|time_dates,core_verbs
go|travel_holidays
come|home_furniture
get|internet_social
take|media_news
give|school
want|school
need|time_dates,core_verbs
like|home_furniture
love|friends_relationships,feelings_personality
know|friends_relationships
think|core_verbs
understand|language_learning,core_verbs
remember|home_furniture
forget|travel_holidays
learn|school,jobs
study|science_basics,school
read|language_learning,school
write|language_learning,core_verbs
speak|language_learning,core_verbs
talk|friends_relationships
hear|home_furniture
listen|language_learning,core_verbs
look|body_appearance
see|health_illness
watch|media_news,arts_entertainment
ask|friends_relationships
answer|language_learning,core_verbs
help|friends_relationships
try|language_learning,core_verbs
use|it_technology
find|friends_relationships
keep|transport
bring|school,friends_relationships
buy|shopping
sell|shopping,sales_customer
pay|money_banking
eat|food_drink,hotel_restaurant
drink|food_drink
sleep|time_dates,core_verbs
walk|transport
run|sports_fitness
sit|home_furniture
stand|home_furniture
wait|friends_relationships
open|home_furniture
start|school
finish|time_dates,core_verbs
stop|transport
choose|meetings
change|describing_things,time_dates,core_verbs
meet|friends_relationships
call|friends_relationships
send|internet_social
receive|time_dates,core_verbs
today|time_dates,linking_words
tomorrow|time_dates,linking_words
yesterday|time_dates,linking_words
morning|time_dates,food_drink
afternoon|time_dates,home_furniture
evening|time_dates,home_furniture
night|time_dates,school
day|time_dates,numbers_quantity
week|time_dates,school
month|time_dates,school
year|time_dates,university
hour|time_dates,university
minute|time_dates,university
second|numbers_quantity,time_dates
noon|time_dates,university
midnight|transport
early|time_dates,linking_words
late|time_dates,linking_words
lately|language_learning,linking_words
always|numbers_quantity
usually|office,language_learning,linking_words
often|numbers_quantity
sometimes|time_dates,linking_words
never|time_dates,linking_words
once|time_dates,linking_words
twice|time_dates,linking_words
soon|time_dates,linking_words
already|time_dates,linking_words
still|transport
yet|school
zero|weather
one|numbers_quantity
two|numbers_quantity
three|numbers_quantity
four|numbers_quantity
five|numbers_quantity
six|numbers_quantity
seven|numbers_quantity
eight|numbers_quantity
nine|numbers_quantity,language_learning
ten|numbers_quantity
hundred|friends_relationships
thousand|shopping
half|numbers_quantity
both|function_words
enough|time_dates,daily_routine
several|numbers_quantity
monday|time_dates,numbers_quantity
tuesday|time_dates,numbers_quantity
wednesday|time_dates,university
thursday|time_dates,university
friday|time_dates,university
saturday|time_dates,home_furniture
sunday|time_dates,numbers_quantity
house|home_furniture
home|home_furniture
room|home_furniture,hotel_restaurant
kitchen|cooking,home_furniture
bathroom|home_furniture
bedroom|home_furniture
living_room|phrasal_verbs
door|home_furniture,describing_things
window|home_furniture
floor|home_furniture
wall|home_furniture
table|home_furniture
chair|home_furniture
desk|office,language_learning,university
bed|home_furniture
pillow|friends_relationships
blanket|weather
towel|home_furniture
soap|food_drink
toothbrush|travel_holidays
toothpaste|describing_things,language_learning,university
mirror|body_appearance
key|clothes
bag|shopping
wallet|clothes
pen|time_dates,university
pencil|nature_landscape
notebook|school
paper|language_learning,university
cup|food_drink
glass|food_drink
bottle|food_drink
plate|shopping
bowl|food_drink
spoon|logistics
fork|numbers_quantity
knife|food_drink
water|food_drink
bread|food_drink
milk|food_drink
egg|body_appearance
meat|food_drink
fish|food_drink
chicken|food_drink
tea|food_drink
coffee|food_drink
sugar|food_drink
salt|food_drink
lunch|hotel_restaurant
dinner|hotel_restaurant,time_dates
good|feelings_personality
bad|weather
big|describing_things,home_furniture
small|describing_things,numbers_quantity
new|jobs
old|age_life_stages,media_news
young|age_life_stages
long|transport,time_dates
short|numbers_quantity
hot|weather
cold|weather
warm|university
cool|environment_energy
easy|describing_things,daily_routine
difficult|language_learning,daily_routine
hard|describing_things,food_drink
hardly|time_dates,linking_words
fast|transport
slow|transport
clean|home_furniture
dirty|nature_landscape
light|travel_holidays
heavy|travel_holidays
strong|describing_things,feelings_personality
weak|science_basics
right|city_directions
wrong|numbers_quantity
different|describing_things,friends_relationships
same|describing_things,feelings_personality
important|office,daily_routine
possible|describing_things,daily_routine
impossible|language_learning,daily_routine
careful|describing_things,feelings_personality
safe|travel_holidays
dangerous|transport
fun|arts_entertainment
funny|arts_entertainment
boring|media_news,arts_entertainment
exciting|travel_holidays
alone|friends_relationships
beautiful|body_appearance,nature_landscape
kind|feelings_personality,friends_relationships
polite|shopping
rude|friends_relationships
ready|hotel_restaurant
free|time_dates,daily_routine
and|function_words
but|function_words
or|function_words
because|function_words
because_of|phrasal_verbs
although|function_words
despite|function_words
if|function_words
unless|function_words
when|function_words
while|function_words
during|function_words
since|function_words
for|function_words
before|function_words
after|function_words
until|function_words
among|function_words
than|function_words
then|time_dates,linking_words
its|function_words
it_s|idioms_chunks
especially|numbers_quantity
specially|describing_things,linking_words
however|describing_things,language_learning,linking_words
therefore|transport
also|describing_things,linking_words
instead|food_drink
otherwise|office,daily_routine
either|function_words
neither|function_words
whether|function_words
job|jobs
work|office,daily_routine
career|jobs
advice|school
advise|time_dates,core_verbs
check|time_dates,core_verbs
control|office,core_verbs
rise|weather
economic|finance_accounting
economical|sports_fitness
prize|numbers_quantity
travel|travel_holidays,transport
trip|travel_holidays
teacher|school
school|school
class|school
classroom|home_furniture
classmate|sports_fitness
dictionary|school
sentence|language_learning,university
question|school
meaning|language_learning,university
mistake|feelings_personality
language|language_learning,university
letter|language_learning,university
word|language_learning,university
test|school
subject|science_basics
university|university,school
information|school
manager|office,friends_relationships
assistant|meetings
staff|hr_recruiting,hotel_restaurant
task|office,time_dates,university
project|office,time_dates,university
plan|science_basics
goal|school
problem|meetings
solution|describing_things,language_learning,university
decision|time_dates,university
reason|feelings_personality
result|time_dates,university
opportunity|feelings_personality
requirement|friends_relationships
responsibility|office,language_learning,university
achieve|core_verbs
develop|age_life_stages
explain|contracts_law
describe|friends_relationships
discuss|meetings
can|friends_relationships
may|home_furniture
show|arts_entertainment
place|shopping
point|transport
put|home_furniture
become|time_dates,core_verbs
must|describing_things,language_learning,core_verbs
seem|time_dates,core_verbs
let|time_dates,core_verbs
follow|meetings
provide|school
build|nature_landscape
believe|core_verbs
thank|friends_relationships
spend|time_dates,core_verbs
consider|city_directions
expect|time_dates,core_verbs
fall|environment_energy
allow|shopping
base|arts_entertainment
suggest|core_verbs
visit|time_dates,core_verbs
grow|age_life_stages
decide|meetings
break|core_verbs
remain|transport
reach|transport
note|office,core_verbs
require|hr_recruiting
appear|body_appearance
add|food_drink
pass|home_furniture
agree|meetings
carry|time_dates,core_verbs
die|age_life_stages
bear|core_verbs
join|science_basics
please|home_furniture
enjoy|school
accord|weather
kill|friends_relationships
teach|school
address|city_directions
accept|meetings
save|health_illness
pick|home_furniture
arrive|meetings
prepare|hotel_restaurant
apply|jobs
manage|office,time_dates,daily_routine
bank|money_banking,finance_accounting
relate|contracts_law
worry|feelings_personality
represent|language_learning,daily_routine
contain|describing_things,home_furniture
paint|time_dates,daily_routine
attempt|core_verbs
establish|office,friends_relationships
determine|school
fail|time_dates,daily_routine
depend|friends_relationships
recognize|it_technology
prove|arts_entertainment
strike|weather
seek|school
treat|health_illness
identify|health_illness
shall|friends_relationships
touch|body_appearance
suffer|numbers_quantity
tend|numbers_quantity
advance|core_verbs
avoid|clothes
throw|environment_energy
sing|government_society,daily_routine
propose|time_dates,daily_routine
reflect|nature_landscape
imagine|city_directions
clock|time_dates,daily_routine
maintain|feelings_personality
prefer|weather
dance|arts_entertainment
fix|home_furniture
pound|transport
judge|friends_relationships,contracts_law
stick|core_verbs
count|numbers_quantity
prevent|core_verbs
mix|cooking
admit|core_verbs
ride|travel_holidays
remove|it_technology
collect|media_news
hang|core_verbs
respond|arts_entertainment
heat|weather
grant|core_verbs
lift|home_furniture
photograph|media_news
net|money_banking
spread|home_furniture
scale|core_verbs
cry|core_verbs
confirm|core_verbs
survive|core_verbs
contribute|media_news
repeat|language_learning,daily_routine
gather|friends_relationships
employ|office,daily_routine
engage|office,daily_routine
settle|nature_landscape
divide|core_verbs
battle|core_verbs
vary|describing_things,language_learning,daily_routine
sun|weather
proceed|core_verbs
tape|clothes
hate|feelings_personality
recall|core_verbs
swim|sports_fitness
oppose|core_verbs
bind|body_appearance
belong|core_verbs
hurt|health_illness
generate|core_verbs
deny|core_verbs
minister|health_illness
destroy|core_verbs
acquire|feelings_personality
participate|nature_landscape
ought|core_verbs
escape|sports_fitness
complain|school
wake|core_verbs
tie|nature_landscape
root|time_dates,daily_routine
rank|numbers_quantity
grade|food_drink
wed|age_life_stages
succeed|core_verbs
sheet|core_verbs
cast|core_verbs
declare|government_society,daily_routine
witness|core_verbs
shout|core_verbs
hill|nature_landscape
guard|core_verbs
kiss|friends_relationships,body_appearance
yield|core_verbs
attach|core_verbs
expose|contracts_law
shut|school
pursue|core_verbs
appoint|core_verbs
communicate|media_news
imply|government_society,daily_routine
deserve|core_verbs
distinguish|describing_things,home_furniture
slide|core_verbs
chip|describing_things,numbers_quantity
breathe|environment_energy
preserve|shopping
split|numbers_quantity
swing|core_verbs
retain|nature_landscape
abandon|weather
spell|core_verbs
lean|core_verbs
differ|meetings
derive|core_verbs
toy|core_verbs
hunt|sports_fitness
undertake|university
restrict|core_verbs
inch|city_directions
owe|money_banking
assist|sales_customer
perceive|core_verbs
sink|transport
convert|science_basics
truck|animals
pace|core_verbs
devote|friends_relationships
sir|core_verbs
bid|money_banking
breed|core_verbs
overcome|sports_fitness
impress|core_verbs
sustain|age_life_stages
bath|home_furniture
translate|language_learning,daily_routine
seal|core_verbs
dig|nature_landscape
mount|core_verbs
admire|feelings_personality
adapt|core_verbs
venture|describing_things,core_verbs
resist|health_illness
dare|language_learning,daily_routine
possess|jobs
float|transport
coal|transport
rail|core_verbs
skirt|core_verbs
march|core_verbs
pump|core_verbs
weigh|body_appearance
modify|numbers_quantity
twist|core_verbs
strengthen|describing_things,daily_routine
fold|core_verbs
pretend|health_illness
damn|core_verbs
compose|arts_entertainment
regulate|university
reckon|shopping
snap|feelings_personality
swear|core_verbs
stir|food_drink
wander|travel_holidays
unite|events
fade|numbers_quantity
the|home_furniture
in|describing_things,home_furniture
not|language_learning,linking_words
this|home_furniture
so|describing_things,home_furniture
all|numbers_quantity
there|describing_things,home_furniture
more|numbers_quantity
up|describing_things,home_furniture
some|numbers_quantity
other|school
out|cooking
well|feelings_personality
very|weather
just|time_dates,linking_words
now|time_dates,linking_words
only|numbers_quantity
any|describing_things,daily_routine
where|describing_things,home_furniture
much|university
how|school
mean|language_learning,daily_routine
even|sports_fitness
here|describing_things,home_furniture
many|numbers_quantity
such|university
really|university
down|describing_things,home_furniture
too|food_drink
great|time_dates,daily_routine
part|media_news
little|describing_things,numbers_quantity
another|numbers_quantity
each|school,numbers_quantity
high|describing_things,numbers_quantity
next|time_dates,daily_routine
why|time_dates,linking_words
again|time_dates,linking_words
few|numbers_quantity,friends_relationships
large|describing_things,numbers_quantity
yes|meetings
away|nature_landscape
less|numbers_quantity
level|school
able|time_dates,daily_routine
present|time_dates,daily_routine
quite|describing_things,numbers_quantity
sure|describing_things,feelings_personality
least|university
low|describing_things,feelings_personality
public|government_society,contracts_law
actually|describing_things,linking_words
rather|university
together|friends_relationships
local|shopping
ever|time_dates,linking_words
past|time_dates,daily_routine
nothing|describing_things,linking_words
clear|describing_things,feelings_personality
future|time_dates,daily_routine
ago|time_dates,linking_words
social|internet_social
across|nature_landscape
along|nature_landscape
political|government_society,daily_routine
further|numbers_quantity
general|school
individual|science_basics
near|city_directions
human|hr_recruiting
major|school
above|describing_things,linking_words
special|food_drink
certain|describing_things,language_learning,daily_routine
forward|describing_things,home_furniture
main|describing_things,feelings_personality
else|shopping
particular|time_dates,daily_routine
true|time_dates,daily_routine
front|describing_things,numbers_quantity
behind|home_furniture
finally|time_dates,linking_words
nice|feelings_personality
round|home_furniture
likely|weather
certainly|hotel_restaurant
national|sports_fitness
common|school
material|nature_landscape
due|time_dates,linking_words
complete|describing_things,feelings_personality
personal|friends_relationships
similar|describing_things,feelings_personality
fine|describing_things,time_dates,linking_words
former|school
particularly|university
firm|office,feelings_personality
foreign|university
pretty|food_drink
recent|media_news
official|describing_things,government_society,daily_routine
private|hotel_restaurant
inside|describing_things,numbers_quantity
necessary|hr_recruiting
various|describing_things,feelings_personality
thus|transport
simple|shopping
indeed|describing_things,language_learning,linking_words
final|time_dates,daily_routine
direct|describing_things,feelings_personality
clearly|describing_things,language_learning,linking_words
wide|nature_landscape
below|weather
sorry|transport
nearly|home_furniture
capital|office,language_learning,daily_routine
popular|numbers_quantity
specific|describing_things,feelings_personality
serious|health_illness
red|health_illness
modern|time_dates,daily_routine
worth|age_life_stages
natural|nature_landscape
express|meetings
deep|food_drink
generally|friends_relationships
normal|feelings_personality
associate|numbers_quantity
blue|describing_things,feelings_personality
positive|time_dates,daily_routine
huge|transport
successful|time_dates,daily_routine
central|hotel_restaurant
anyway|describing_things,language_learning,linking_words
basic|school
male|family
useful|describing_things,feelings_personality
dark|hotel_restaurant
professional|sales_customer
green|describing_things,feelings_personality
dead|describing_things,time_dates,linking_words
daily|weather
female|animals
ahead|transport
welcome|describing_things,feelings_personality
suddenly|shopping
independent|university
rich|describing_things,home_furniture
effective|describing_things,feelings_personality
correct|describing_things,feelings_personality
medical|health_illness
extra|office,daily_routine
primary|numbers_quantity
straight|body_appearance
highly|university
flat|home_furniture
absolutely|describing_things,language_learning,linking_words
fair|contracts_law
additional|describing_things,numbers_quantity
negative|sales_customer
double|numbers_quantity
perfect|feelings_personality
slightly|university
overall|describing_things,feelings_personality
regular|shopping,sales_customer
physical|science_basics
apart|time_dates,linking_words
dry|food_drink
spot|money_banking
expert|jobs
south|weather
quick|transport
brief|describing_things,feelings_personality
secret|government_society,daily_routine
pop|describing_things,daily_routine
quiet|city_directions
somewhere|city_directions
obvious|describing_things,feelings_personality
broad|city_directions
actual|describing_things,feelings_personality
strange|nature_landscape
possibly|describing_things,linking_words
afraid|feelings_personality
active|numbers_quantity
religious|describing_things,feelings_personality
glad|media_news
comfortable|science_basics
usual|describing_things,feelings_personality
dear|friends_relationships
historical|science_basics
tonight|weather
square|city_directions
civil|contracts_law
gold|describing_things,feelings_personality
domestic|science_basics
technical|school
fairly|university
tough|food_drink
proper|time_dates,daily_routine
perspective|describing_things,feelings_personality
necessarily|describing_things,linking_words
bright|describing_things,feelings_personality
secure|describing_things,time_dates,daily_routine
typical|feelings_personality
west|weather
moral|city_directions
narrow|city_directions
empty|transport
unique|language_learning,daily_routine
practical|science_basics
soft|body_appearance
sexual|describing_things,feelings_personality
musical|arts_entertainment
tiny|describing_things,feelings_personality
terrible|describing_things,feelings_personality
ordinary|university
anywhere|describing_things,language_learning,linking_words
mental|science_basics
chemical|science_basics
considerable|numbers_quantity,describing_things
surely|describing_things,language_learning,linking_words
somewhat|university
somehow|describing_things,language_learning,linking_words
thin|describing_things,feelings_personality
latter|numbers_quantity
attractive|body_appearance
unable|jobs
electronic|describing_things,feelings_personality
criminal|government_society,daily_routine
besides|describing_things,linking_words
properly|city_directions
ill|science_basics
closely|time_dates,linking_words
unlike|describing_things,feelings_personality
scientific|science_basics
rare|nature_landscape
minimum|shopping
northern|describing_things,feelings_personality
alive|age_life_stages
permanent|describing_things,language_learning,daily_routine
prior|describing_things,linking_words
vast|university
immediate|time_dates,daily_routine
incident|describing_things,feelings_personality
truly|describing_things,linking_words
yellow|describing_things,feelings_personality
sharp|describing_things,feelings_personality
forth|describing_things,home_furniture
lucky|animals
fundamental|describing_things,feelings_personality
capable|health_illness
valuable|describing_things,language_learning,daily_routine
brown|nature_landscape
massive|clothes
upper|home_furniture
sudden|transport
consistent|government_society,daily_routine
aside|time_dates,linking_words
plain|language_learning,linking_words
volunteer|money_banking
minor|arts_entertainment
thick|describing_things,feelings_personality
smart|describing_things,language_learning,daily_routine
silver|describing_things,feelings_personality
unlikely|events
gay|age_life_stages
slight|university
unknown|government_society,daily_routine
solid|government_society,daily_routine
crack|describing_things,feelings_personality
numerous|school
sensitive|weather
wet|food_drink
secondary|numbers_quantity
grand|describing_things,language_learning,daily_routine
hence|time_dates,linking_words
false|describing_things,feelings_personality
anymore|describing_things,language_learning,linking_words
steady|describing_things,daily_routine
heavily|university
vital|environment_energy
external|health_illness
spare|money_banking
whenever|describing_things,daily_routine
naturally|language_learning,linking_words
apparent|describing_things,feelings_personality
western|city_directions
badly|university
evil|feelings_personality
extraordinary|describing_things,feelings_personality
brilliant|describing_things,feelings_personality
reverse|describing_things,home_furniture
awful|feelings_personality
agricultural|jobs
giant|describing_things,feelings_personality
smooth|nature_landscape
loud|office,feelings_personality
blind|body_appearance
pure|feelings_personality
crazy|describing_things,feelings_personality
parallel|describing_things,feelings_personality
pleasant|weather
rough|body_appearance
exact|describing_things,feelings_personality
dependent|logistics
stupid|describing_things,feelings_personality
keen|weather
prompt|time_dates,daily_routine
comprehensive|describing_things,feelings_personality
rapid|time_dates,daily_routine
absolute|arts_entertainment
motor|describing_things,feelings_personality
mad|describing_things,daily_routine
visible|describing_things,feelings_personality
electric|environment_energy
impressive|describing_things,feelings_personality
violent|weather
random|shopping
mutual|numbers_quantity
silent|describing_things,feelings_personality
classical|school
historic|describing_things,time_dates,daily_routine
remote|city_directions
pregnant|body_appearance
fancy|clothes
wooden|nature_landscape
intense|university
strict|language_learning,daily_routine
concrete|language_learning,daily_routine
distinct|describing_things,feelings_personality
mere|numbers_quantity
civilian|age_life_stages
romantic|feelings_personality,arts_entertainment
nowhere|describing_things,home_furniture
differently|describing_things,linking_words
continuous|weather
weekly|numbers_quantity
anxious|describing_things,feelings_personality
altogether|describing_things,numbers_quantity
raw|food_drink
genuine|describing_things,feelings_personality
silly|language_learning,daily_routine
horrible|describing_things,feelings_personality
precise|describing_things,feelings_personality
distant|describing_things,feelings_personality
gentle|health_illness
voluntary|school
pale|body_appearance
alongside|nature_landscape
royal|family
tender|food_drink
ugly|body_appearance
fortunate|feelings_personality
ashamed|feelings_personality
it|it_technology
at|transport
she|health_illness
will|weather
time|time_dates,university
people|friends_relationships
into|hotel_restaurant
first|numbers_quantity
way|science_basics
over|home_furniture
last|time_dates,university
company|office,language_learning,university
life|age_life_stages
feel|feelings_personality
lot|numbers_quantity
number|numbers_quantity
world|travel_holidays
might|weather
group|friends_relationships
case|time_dates,university
woman|friends_relationships
family|family
system|science_basics
set|friends_relationships
turn|describing_things,daily_routine
hand|body_appearance
state|government_society,contracts_law
money|money_banking,finance_accounting
fact|food_drink
area|numbers_quantity
name|language_learning,university
business|office,language_learning,university
government|government_society,contracts_law
market|shopping,sales_customer
hold|time_dates,university
service|hotel_restaurant,sales_customer
example|language_learning,university
face|body_appearance
hope|feelings_personality
idea|events
form|feelings_personality
car|transport
person|friends_relationships
line|friends_relationships
side|language_learning,university
term|language_learning,university
age|age_life_stages
train|transport
view|describing_things,language_learning,university
concern|friends_relationships
story|arts_entertainment
rate|numbers_quantity
care|friends_relationships
sort|numbers_quantity
anything|shopping
cause|weather
power|environment_energy
return|travel_holidays
mother|family
matter|friends_relationships
mind|feelings_personality
value|home_furniture
stay|nature_landscape
force|weather
bit|numbers_quantity
town|city_directions
food|food_drink
per|shopping
period|time_dates,university
history|school
drive|transport
type|language_learning,university
sound|describing_things,home_furniture
moment|time_dates,university
body|body_appearance
sense|describing_things,language_learning,university
rule|numbers_quantity
cover|food_drink
computer|office,language_learning,university
situation|time_dates,university
war|numbers_quantity
design|office,daily_routine
condition|transport
father|family
cut|home_furniture
detail|numbers_quantity
difference|describing_things,language_learning,university
action|friends_relationships
step|numbers_quantity
model|it_technology
outside|school
site|time_dates,university
land|nature_landscape
death|time_dates,university
amount|numbers_quantity,food_drink
regard|school
act|describing_things,language_learning,university
range|shopping
road|transport,city_directions
list|friends_relationships
wish|time_dates,university
rest|describing_things,time_dates,university
industry|shopping
measure|numbers_quantity
air|environment_energy
risk|describing_things,language_learning,university
standard|school
vote|numbers_quantity
stage|time_dates,university
space|home_furniture
chance|weather
society|government_society,friends_relationships
mention|meetings
choice|food_drink
culture|numbers_quantity
limit|time_dates,university
foot|body_appearance
attention|transport
lie|describing_things,language_learning,university
ground|nature_landscape
animal|animals
current|city_directions
fight|science_basics
contact|friends_relationships
sport|sports_fitness
response|describing_things,language_learning,university
voice|friends_relationships
fire|cooking
store|shopping
laugh|arts_entertainment
attack|friends_relationships
drop|it_technology
miss|feelings_personality
art|arts_entertainment
pause|describing_things,time_dates,university
opinion|numbers_quantity
wonder|time_dates,university
structure|friends_relationships
region|nature_landscape
growth|time_dates,university
influence|friends_relationships
catch|sports_fitness
son|family
medium|food_drink
average|numbers_quantity
hit|sports_fitness
function|jobs
addition|numbers_quantity
population|friends_relationships
success|office,daily_routine
lack|office,language_learning,university
race|sports_fitness
purpose|meetings
gain|travel_holidays
college|university
board|nature_landscape
holiday|travel_holidays
church|nature_landscape
cent|describing_things,language_learning,university
stuff|feelings_personality
election|science_basics
discussion|time_dates,university
challenge|describing_things,language_learning,university
advantage|describing_things,language_learning,university
mile|city_directions
unit|school
card|money_banking
release|office,government_society,university
fear|describing_things,time_dates,university
aim|describing_things,language_learning,university
pull|home_furniture
movement|home_furniture
pressure|food_drink
bus|transport
supply|logistics
brother|family
promise|office,time_dates,university
trouble|age_life_stages
relation|health_illness
middle|city_directions
bar|hotel_restaurant
fill|home_furniture
star|describing_things,home_furniture
operation|health_illness
seat|home_furniture
message|internet_social
instance|science_basics
push|describing_things,daily_routine
doubt|shopping
competition|time_dates,university
fly|environment_energy
application|jobs
search|contracts_law
speech|marketing
officer|friends_relationships
oil|environment_energy
guess|meetings
science|science_basics
author|school
income|money_banking
newspaper|media_news
everybody|numbers_quantity
memory|feelings_personality
credit|describing_things,language_learning,university
ring|meetings
possibility|weather
variety|shopping
original|office,language_learning,university
sister|family
rock|describing_things,language_learning,university
dream|describing_things,language_learning,university
garden|nature_landscape
cross|city_directions
version|describing_things,language_learning,university
conversation|hotel_restaurant
shape|describing_things,language_learning,university
sea|nature_landscape,food_drink
smile|body_appearance
communication|feelings_personality
difficulty|describing_things,language_learning,university
wind|weather
none|time_dates,university
scene|describing_things,home_furniture
writer|money_banking
content|it_technology
element|describing_things,numbers_quantity
beat|city_directions
telephone|describing_things,home_furniture
copy|school
committee|meetings
trial|transport
conduct|feelings_personality
executive|sports_fitness
sex|age_life_stages
connection|it_technology
weather|weather
principle|feelings_personality
appeal|body_appearance
farm|animals
collection|friends_relationships
tour|travel_holidays
alternative|numbers_quantity
pair|describing_things,language_learning,university
ship|logistics
attitude|government_society,university
print|school
progress|science_basics
truth|science_basics
nobody|friends_relationships
speed|time_dates,university
politics|internet_social
peace|government_society,university
status|government_society,university
decline|describing_things,daily_routine
favor|describing_things,language_learning,university
horse|animals
reader|friends_relationships
importance|describing_things,language_learning,university
distance|describing_things,language_learning,university
pain|health_illness
chief|hr_recruiting
wave|food_drink
surface|describing_things,home_furniture
procedure|school
struggle|describing_things,language_learning,university
extent|university
roll|food_drink
reality|feelings_personality
artist|office,friends_relationships
presence|government_society,university
crowd|friends_relationships
shift|events
secretary|office,friends_relationships
north|describing_things,language_learning,university
reform|nature_landscape
circumstance|language_learning,university
smoke|weather
reaction|science_basics
rain|weather
mass|body_appearance
failure|describing_things,language_learning,university
bottom|describing_things,home_furniture
marriage|age_life_stages
plane|transport
lady|describing_things,language_learning,university
strength|food_drink
scheme|describing_things,daily_routine
contribution|office,numbers_quantity
novel|arts_entertainment
union|shopping
pleasure|time_dates,university
suggestion|describing_things,language_learning,university
desire|government_society,university
path|school
topic|time_dates,university
crisis|finance_accounting
length|time_dates,university
jump|describing_things,language_learning,university
weapon|describing_things,language_learning,university
winter|weather
spring|weather
consideration|science_basics
code|describing_things,language_learning,university
threat|weather
accident|friends_relationships
cancer|science_basics
blow|describing_things,language_learning,university
wash|home_furniture
stone|describing_things,language_learning,university
sum|numbers_quantity
murder|hr_recruiting
soldier|describing_things,language_learning,university
shock|body_appearance
wine|describing_things,language_learning,university
cycle|describing_things,language_learning,university
freedom|language_learning,university
vehicle|transport
route|city_directions
danger|describing_things,language_learning,university
army|government_society,university
council|government_society,university
sight|city_directions
gift|describing_things,language_learning,university
mouth|body_appearance
noise|feelings_personality
manner|describing_things,time_dates,university
occasion|time_dates,university
affair|describing_things,language_learning,university
belief|describing_things,language_learning,university
prison|describing_things,language_learning,university
wood|nature_landscape
shake|city_directions
description|describing_things,language_learning,university
confidence|describing_things,language_learning,university
error|feelings_personality
arrest|describing_things,language_learning,university
signal|internet_social
frame|government_society,university
bond|describing_things,language_learning,university
chain|numbers_quantity
victim|health_illness
division|describing_things,language_learning,university
birth|age_life_stages
provision|logistics
plenty|logistics
combination|describing_things,language_learning,university
atmosphere|environment_energy
comparison|describing_things,language_learning,university
characteristic|government_society,university
commission|describing_things,friends_relationships
row|friends_relationships
lock|home_furniture
expectation|describing_things,time_dates,university
employment|jobs
breath|science_basics
notion|describing_things,language_learning,university
relief|describing_things,feelings_personality
blame|describing_things,language_learning,university
stretch|describing_things,language_learning,university
native|friends_relationships
selection|feelings_personality
vision|describing_things,language_learning,university
entry|describing_things,language_learning,university
peak|numbers_quantity
proportion|describing_things,numbers_quantity
yard|describing_things,language_learning,university
folk|government_society,university
mission|office,daily_routine
tone|friends_relationships
rush|nature_landscape
religion|hr_recruiting
steal|shopping
circle|transport
command|city_directions
joke|describing_things,language_learning,university
sky|nature_landscape
ancient|language_learning,university
kick|body_appearance
hell|nature_landscape
east|describing_things,language_learning,university
absence|school
remark|describing_things,language_learning,university
dozen|numbers_quantity
gap|describing_things,language_learning,university
resolve|describing_things,language_learning,university
critic|science_basics
enemy|describing_things,language_learning,university
talent|describing_things,language_learning,university
pilot|transport
resolution|meetings
slip|describing_things,language_learning,university
knock|home_furniture
seed|describing_things,language_learning,university
core|describing_things,friends_relationships
self|describing_things,language_learning,university
existence|government_society,university
bone|body_appearance
initiative|describing_things,language_learning,university
motion|describing_things,language_learning,university
discipline|describing_things,language_learning,university
extreme|university
passage|time_dates,university
reputation|government_society,university
negotiation|meetings
crash|describing_things,language_learning,university
observation|internet_social
interaction|office,daily_routine
repair|shopping
soul|friends_relationships
defeat|describing_things,language_learning,university
climate|weather
exception|describing_things,language_learning,university
beauty|arts_entertainment
mouse|describing_things,language_learning,university
mathematics|science_basics
creation|hr_recruiting
outline|describing_things,home_furniture
sufficient|describing_things,language_learning,university
luck|feelings_personality
comfort|weather
prospect|feelings_personality
neck|body_appearance
bet|sports_fitness
examination|describing_things,daily_routine
silence|government_society,university
delight|describing_things,feelings_personality
wheel|it_technology
crop|weather
minority|transport
origin|describing_things,home_furniture
gentleman|describing_things,language_learning,university
achievement|describing_things,daily_routine
pension|money_banking
wing|describing_things,language_learning,university
laughter|describing_things,language_learning,university
recognition|government_society,contracts_law
roof|home_furniture
proof|describing_things,language_learning,university
soil|nature_landscape
layer|describing_things,language_learning,university
wire|describing_things,language_learning,university
trace|numbers_quantity
governor|government_society,contracts_law
port|transport
pitch|describing_things,language_learning,university
ease|describing_things,language_learning,university
era|events
prisoner|home_furniture
cloud|weather
nose|body_appearance
sail|weather
disaster|contracts_law
distinction|describing_things,language_learning,university
satisfaction|describing_things,language_learning,university
sweep|describing_things,language_learning,university
anger|describing_things,feelings_personality
stream|nature_landscape
constantly|describing_things,language_learning,university
boundary|transport
ratio|describing_things,language_learning,university
symbol|describing_things,language_learning,university
demonstration|friends_relationships
steel|environment_energy
cake|food_drink
strain|science_basics
trail|health_illness
trap|animals
wealth|money_banking
tune|describing_things,language_learning,university
adviser|contracts_law
mode|transport
festival|events
van|shopping
curve|city_directions
web|it_technology
depth|nature_landscape
log|nature_landscape
god|describing_things,home_furniture
substance|science_basics
harm|science_basics
shadow|describing_things,language_learning,university
strip|nature_landscape
vice|describing_things,language_learning,university
resort|travel_holidays
membership|money_banking
poverty|numbers_quantity
gender|describing_things,language_learning,university
dealer|logistics
burden|describing_things,language_learning,university
resistance|describing_things,daily_routine
tap|describing_things,language_learning,university
philosophy|university
lip|body_appearance
approval|friends_relationships
grab|describing_things,home_furniture
tower|city_directions
angle|describing_things,language_learning,university
anxiety|government_society,contracts_law
rival|feelings_personality
significance|describing_things,language_learning,university
custom|describing_things,language_learning,university
compound|numbers_quantity
mess|hotel_restaurant
regret|describing_things,language_learning,university
margin|nature_landscape
stroke|sports_fitness
ruin|government_society,university
counsel|contracts_law
tendency|describing_things,feelings_personality
permission|feelings_personality
evolution|science_basics
slave|friends_relationships
burst|science_basics
passion|describing_things,feelings_personality
dust|nature_landscape
province|government_society,university
compromise|describing_things,language_learning,university
glance|body_appearance
contest|numbers_quantity
chest|hr_recruiting
praise|sports_fitness
compensation|money_banking
flash|weather
gesture|friends_relationships
joy|describing_things,language_learning,university
pile|numbers_quantity
pig|animals
stake|contracts_law
creature|animals
clothing|clothes
sake|describing_things,language_learning,university
possession|describing_things,language_learning,university
tale|media_news
pot|food_drink
cow|animals
scope|office,university
pride|family
wise|describing_things,language_learning,university
neglect|describing_things,language_learning,university
carbon|environment_energy
cheese|food_drink
destruction|describing_things,language_learning,university
flag|clothes
mystery|nature_landscape
rear|nature_landscape
moon|nature_landscape
jury|contracts_law
composition|science_basics
coin|money_banking
bunch|numbers_quantity
sanction|describing_things,language_learning,university
trick|describing_things,daily_routine
potato|food_drink
shine|weather
servant|sales_customer
excess|numbers_quantity
liability|sales_customer
bias|describing_things,language_learning,university
luxury|describing_things,language_learning,university
fence|describing_things,language_learning,university
attraction|describing_things,home_furniture
determination|university
fiction|office,daily_routine
carpet|home_furniture
cluster|numbers_quantity
confusion|describing_things,language_learning,university
hurry|describing_things,language_learning,university
hint|describing_things,language_learning,university
slope|nature_landscape
verb|language_learning,university
chase|describing_things,language_learning,university
lover|friends_relationships
adjustment|city_directions
stranger|environment_energy
grain|food_drink
probability|describing_things,numbers_quantity
sigh|describing_things,language_learning,university
ownership|city_directions
gaze|body_appearance
curtain|home_furniture
registration|travel_holidays
listener|friends_relationships
cheek|body_appearance
grin|body_appearance
hunger|food_drink
thirst|food_drink
of|function_words
to|function_words
a|nature_landscape
you|function_words
that|function_words
on|function_words
with|function_words
from|function_words
by|function_words
what|describing_things,language_learning,daily_routine
through|function_words
man|home_furniture
around|function_words
under|function_words
without|function_words
against|function_words
though|function_words
within|function_words
toward|function_words
everything|function_words
upon|function_words
beyond|function_words
anybody|function_words
till|function_words
beside|function_words
beneath|function_words
abdominal|city_directions
absorb|food_drink
accelerate|core_verbs
acceleration|describing_things,daily_routine
accumulate|friends_relationships
accuracy|describing_things,language_learning,university
acid|school
acute|school
adverse|events
afterward|time_dates,linking_words
algebra|science_basics
alien|nature_landscape
amplitude|describing_things,language_learning,university
analogy|meetings
applause|friends_relationships
approximate|describing_things,feelings_personality
array|core_verbs
artificial|nature_landscape
aspect|describing_things,language_learning,university
assembly|it_technology
assert|government_society,daily_routine
bat|describing_things,daily_routine
binary|science_basics
blank|describing_things,language_learning,university
bodily|health_illness
bubble|environment_energy
bullet|describing_things,language_learning,university
bundle|core_verbs
chemistry|science_basics
circa|function_words
circulate|media_news
circulation|health_illness
civilization|government_society,contracts_law
clever|describing_things,feelings_personality
clip|logistics
comparative|science_basics
competent|office,daily_routine
comply|friends_relationships
composite|describing_things,feelings_personality
conceive|core_verbs
conception|describing_things,language_learning,university
confound|feelings_personality
conscious|animals
consciousness|government_society,university
consent|describing_things,daily_routine
constitution|government_society,contracts_law
consumption|body_appearance
continuity|describing_things,language_learning,university
contradictory|describing_things,feelings_personality
contrary|nature_landscape
cord|describing_things,language_learning,university
correction|home_furniture
correspondence|school
crude|describing_things,feelings_personality
crystal|science_basics
damp|core_verbs
defect|science_basics
definite|time_dates,daily_routine
delta|nature_landscape
dense|nature_landscape
dilemma|government_society,university
discrete|describing_things,numbers_quantity
disturbance|describing_things,daily_routine
dose|time_dates,university
drain|food_drink
duration|time_dates,university
elaborate|it_technology
ex|transport
exit|core_verbs
fabric|government_society,university
faculty|describing_things,language_learning,university
fluid|weather
fossil|describing_things,feelings_personality
ghost|describing_things,language_learning,university
gradient|science_basics
gravity|nature_landscape
gross|numbers_quantity
hawk|shopping,sales_customer
hedge|describing_things,language_learning,university
horizontal|transport
hydrogen|environment_energy
identical|family
illusion|describing_things,language_learning,university
implicit|nature_landscape
impulse|describing_things,language_learning,university
incline|core_verbs
induce|core_verbs
instinct|describing_things,science_basics
interfere|office,daily_routine
kidney|health_illness
leisure|time_dates,university
lifetime|jobs
liver|health_illness
lump|food_drink
mechanical|jobs
mineral|describing_things,feelings_personality
minus|describing_things,science_basics
monopoly|shopping
motive|environment_energy
naked|describing_things,feelings_personality
nasty|food_drink
neat|home_furniture
necessity|describing_things,science_basics
niche|core_verbs
noble|age_life_stages
noisy|school
objection|describing_things,science_basics
obscure|describing_things,feelings_personality
observer|government_society,university
obtain|core_verbs
occupation|jobs
outer|city_directions
overhead|describing_things,feelings_personality
par|school,numbers_quantity
parcel|describing_things,linking_words
pardon|describing_things,science_basics
particle|describing_things,science_basics
periodic|describing_things,feelings_personality
plausible|describing_things,feelings_personality
plug|describing_things,core_verbs
plural|numbers_quantity
powder|food_drink
pragmatic|describing_things,feelings_personality
prejudice|describing_things,science_basics
presume|core_verbs
prey|friends_relationships
primitive|time_dates,daily_routine
profound|nature_landscape
pronounce|language_learning,daily_routine
proposition|describing_things,science_basics
pulse|government_society,university
punch|body_appearance
rack|animals
rational|describing_things,feelings_personality
ray|describing_things,science_basics
realm|describing_things,science_basics
render|core_verbs
republic|friends_relationships
reservoir|logistics
revolutionary|describing_things,daily_routine
ridiculous|describing_things,feelings_personality
robot|transport
rope|describing_things,science_basics
rotate|city_directions
rub|feelings_personality
scatter|transport
scripture|school
sensation|describing_things,science_basics
sensible|describing_things,feelings_personality
shallow|science_basics
singular|language_learning,daily_routine
sketch|describing_things,time_dates,university
skip|core_verbs
slavery|government_society,university
spontaneous|age_life_stages
spray|nature_landscape
strictly|describing_things,linking_words
subtle|describing_things,feelings_personality
superior|describing_things,feelings_personality
swap|core_verbs
sword|body_appearance
systematic|shopping
tempt|core_verbs
tense|time_dates,university
textbook|school
thereby|describing_things,linking_words
thesis|university
thread|describing_things,science_basics
threshold|government_society,university
tolerance|environment_energy
ton|body_appearance
tract|nature_landscape
translation|language_learning,numbers_quantity
transmit|health_illness
treaty|describing_things,science_basics
tremendous|weather
triangle|describing_things,science_basics
tricky|age_life_stages
trivial|describing_things,feelings_personality
ultimate|university
unity|describing_things,science_basics
upward|describing_things,feelings_personality
utterance|describing_things,science_basics
vague|describing_things,feelings_personality
vegetation|nature_landscape
velocity|time_dates,university
verbal|feelings_personality
vertical|transport
virtue|describing_things,science_basics
weave|clothes
whereby|describing_things,linking_words
whichever|function_words
abolish|office,daily_routine
accommodate|office,core_verbs
accordance|office,science_basics
accusation|office,friends_relationships
acre|office,science_basics
adhere|office,core_verbs
administer|office,daily_routine
administrative|office,feelings_personality
albeit|function_words
alert|office,daily_routine
alike|office,linking_words
allowance|office,numbers_quantity
alpha|office,science_basics
amid|function_words
appetite|office,feelings_personality
assault|office,science_basics
asylum|office,science_basics
attain|office,core_verbs
attorney|office,friends_relationships
automatic|office,feelings_personality
await|office,core_verbs
awkward|office,feelings_personality
basket|office,science_basics
behalf|office,numbers_quantity
blast|office,science_basics
blend|office,core_verbs
bounce|office,daily_routine
bully|office,science_basics
calendar|office,time_dates,university
caution|office,science_basics
cease|office,daily_routine
certainty|office,feelings_personality
circuit|office,science_basics
clash|office,science_basics
collaboration|office,daily_routine
collar|office,science_basics
combat|office,science_basics
commander|office,science_basics
commerce|office,science_basics
compel|office,daily_routine
condemn|office,time_dates,daily_routine
confront|office,numbers_quantity
consistency|office,friends_relationships
consolidate|office,core_verbs
conspiracy|office,numbers_quantity
constitutional|office,feelings_personality
convenience|office,science_basics
convenient|office,feelings_personality
convey|office,feelings_personality
conviction|office,science_basics
correspondent|office,friends_relationships
cotton|office,science_basics
covenant|office,core_verbs
dash|office,daily_routine
decimal|office,numbers_quantity
deed|office,feelings_personality
defendant|office,friends_relationships
defy|office,government_society,daily_routine
depart|office,home_furniture
deputy|office,friends_relationships
desperate|office,feelings_personality
diamond|office,science_basics
diplomatic|office,feelings_personality
discretion|office,science_basics
dispatch|office,government_society,university
distinctive|office,friends_relationships
dot|office,core_verbs
doubtful|office,feelings_personality
drill|office,science_basics
eager|office,feelings_personality
endure|office,government_society,daily_routine
engagement|office,government_society,university
fierce|office,feelings_personality
flaw|office,home_furniture
fleet|office,feelings_personality
forthcoming|office,feelings_personality
foster|office,core_verbs
fragile|office,feelings_personality
grave|office,feelings_personality
grim|office,feelings_personality
grip|office,core_verbs
hazard|office,core_verbs
idle|office,daily_routine
incur|office,daily_routine
inevitable|office,feelings_personality
instant|office,time_dates,university
institute|office,core_verbs
interim|office,time_dates,daily_routine
jointly|office,linking_words
judicial|office,feelings_personality
lag|office,science_basics
legacy|office,feelings_personality
legislative|office,feelings_personality
liberty|office,government_society,university
lure|office,friends_relationships
merit|office,daily_routine
mild|office,numbers_quantity
mitigate|office,core_verbs
modest|office,feelings_personality
occasional|office,time_dates,daily_routine
offensive|office,daily_routine
optimism|office,feelings_personality
outbreak|office,science_basics
overlook|office,time_dates,daily_routine
pan|office,daily_routine
parliament|office,feelings_personality
parliamentary|office,feelings_personality
passive|office,feelings_personality
patch|office,core_verbs
payable|office,feelings_personality
peaceful|office,feelings_personality
perpetual|office,feelings_personality
petty|office,feelings_personality
pill|office,science_basics
pin|office,friends_relationships
pioneer|office,friends_relationships
plague|office,science_basics
plainly|office,linking_words
plead|office,core_verbs
pledge|office,feelings_personality
plunge|office,science_basics
poison|office,science_basics
poorly|office,feelings_personality
popularity|office,time_dates,university
precious|office,feelings_personality
prevail|office,numbers_quantity
probable|office,feelings_personality
profitable|office,home_furniture
proprietary|office,feelings_personality
prosperous|office,feelings_personality
proxy|office,friends_relationships
quit|office,daily_routine
rage|office,feelings_personality
raid|office,daily_routine
railway|office,science_basics
reap|office,core_verbs
reconcile|office,friends_relationships
refusal|office,science_basics
rein|office,core_verbs
reluctance|office,science_basics
reluctant|office,daily_routine
remainder|office,time_dates,university
repay|office,home_furniture
residence|office,numbers_quantity
restrain|office,core_verbs
retreat|office,time_dates,university
rigid|office,feelings_personality
sack|office,science_basics
safeguard|office,daily_routine
satisfactory|office,feelings_personality
scarce|office,numbers_quantity
scratch|office,feelings_personality
secular|office,feelings_personality
seize|office,core_verbs
seldom|office,linking_words
sentiment|office,feelings_personality
shed|office,core_verbs
sheer|office,feelings_personality
socialist|office,feelings_personality
sole|office,feelings_personality
spite|office,core_verbs
spy|office,core_verbs
squeeze|office,core_verbs
steam|office,science_basics
steep|office,feelings_personality
subordinate|office,numbers_quantity
succession|office,time_dates,university
sue|office,core_verbs
summit|office,numbers_quantity
supervision|office,friends_relationships
suppress|office,core_verbs
surrender|office,science_basics
suspicion|office,science_basics
tailor|office,core_verbs
terror|office,feelings_personality
testimony|office,science_basics
textile|office,feelings_personality
thorough|office,feelings_personality
thrive|office,feelings_personality
tide|office,daily_routine
timber|office,home_furniture
torture|office,science_basics
transparent|office,feelings_personality
trim|office,science_basics
triumph|office,core_verbs
uncertain|office,feelings_personality
unexpected|office,feelings_personality
unfair|office,feelings_personality
unprecedented|office,feelings_personality
verdict|contracts_law
vest|office,core_verbs
void|office,feelings_personality
wholly|office,numbers_quantity
woe|office,science_basics
worthy|office,friends_relationships
yearly|office,time_dates,daily_routine
authority|feelings_personality
identification|events
usage|internet_social
deck|describing_things,science_basics
monument|science_basics
cafe|describing_things,science_basics
ward|friends_relationships
architect|friends_relationships
nail|transport
polish|describing_things,science_basics
clerk|jobs
lamp|environment_energy
assurance|describing_things,daily_routine
cloth|clothes
kit|describing_things,science_basics
wool|body_appearance
bean|numbers_quantity
soup|food_drink
beam|weather
bench|numbers_quantity
parade|events
compliment|weather
costume|clothes
drum|weather
jam|transport
purse|money_banking
sock|clothes
whale|animals
fringe|describing_things,home_furniture
ladder|describing_things,science_basics
rubber|describing_things,home_furniture
separation|government_society,university
comb|friends_relationships
enthusiast|friends_relationships
badge|describing_things,science_basics
dog|animals
vacation|travel_holidays
balloon|environment_energy
blood|health_illness
community|government_society,university
conductor|friends_relationships
drift|describing_things,science_basics
inspiration|describing_things,daily_routine
piece|describing_things,numbers_quantity
product|shopping
repetition|events
rider|animals
signature|describing_things,science_basics
spirit|describing_things,science_basics
trash|arts_entertainment
turnover|numbers_quantity
ball|sports_fitness
box|describing_things,science_basics
bulb|describing_things,science_basics
cooler|describing_things,science_basics
fountain|food_drink
juice|nature_landscape
pipe|time_dates,university
sunshine|weather
thing|shopping
antique|describing_things,science_basics
apology|sales_customer
background|internet_social
charity|home_furniture
disagreement|friends_relationships
grasp|nature_landscape
master|jobs
resignation|describing_things,science_basics
wrinkle|describing_things,science_basics
birthday|time_dates,university
debit|describing_things,science_basics
discharge|science_basics
earth|nature_landscape
faith|hr_recruiting
law|contracts_law,government_society
statue|hr_recruiting
submission|arts_entertainment
brake|transport
candy|food_drink
child|family
compliance|describing_things,feelings_personality
dispose|office,friends_relationships
execution|friends_relationships
farewell|describing_things,daily_routine
scenery|describing_things,science_basics
subway|transport
tomato|food_drink
tree|weather
compensate|office,friends_relationships
country|government_society,university
fault|feelings_personality
field|school
flower|nature_landscape
fortune|events
grass|describing_things,daily_routine
organ|animals
quotation|home_furniture
string|numbers_quantity
boat|describing_things,science_basics
boy|family
establishment|describing_things,science_basics
flow|describing_things,science_basics
hole|body_appearance
indifference|describing_things,science_basics
nerve|numbers_quantity
something|weather
agent|transport
breast|family
coat|clothes
darkness|describing_things,science_basics
estimation|office,friends_relationships
friend|family
gallery|arts_entertainment
leather|body_appearance
leg|body_appearance
protection|friends_relationships
aboard|function_words
chancellor|finance_accounting
impression|describing_things,science_basics
title|describing_things,science_basics
bull|shopping
delicate|office,feelings_personality
dull|office,feelings_personality
duty|internet_social
ear|body_appearance
index|numbers_quantity
majority|time_dates,university
member|meetings
recovery|government_society,university
shop|shopping
tongue|family
adventure|animals
association|friends_relationships
justice|describing_things,science_basics
peg|friends_relationships
picture|describing_things,science_basics
pool|sports_fitness
pursuit|describing_things,science_basics
sew|office,friends_relationships
switch|describing_things,science_basics
throat|friends_relationships
affirmative|describing_things,science_basics
aversion|feelings_personality
flesh|health_illness
health|health_illness
relieve|office,friends_relationships
spark|describing_things,science_basics
sphere|sports_fitness
steer|office,home_furniture
black|friends_relationships
brush|describing_things,science_basics
careless|office,feelings_personality
fasten|office,core_verbs
pit|nature_landscape
section|language_learning,university
station|transport,city_directions
administration|science_basics
amuse|office,core_verbs
boast|describing_things,daily_routine
leaf|school
mortality|government_society,university
tradition|describing_things,daily_routine
treasury|school
agency|sales_customer
basin|nature_landscape
cream|government_society,university
depression|government_society,university
expression|language_learning,university
guy|language_learning,university
lay|describing_things,science_basics
phrase|numbers_quantity
activity|friends_relationships
anyhow|office,daily_routine
arrangement|describing_things,home_furniture
camp|describing_things,science_basics
disposition|feelings_personality
drag|describing_things,science_basics
event|events
exposure|weather
nucleus|describing_things,numbers_quantity
parent|family
primer|school
representation|describing_things,science_basics
smell|body_appearance
stem|language_learning,university
vein|health_illness
violate|office,core_verbs
club|time_dates,university
convention|describing_things,science_basics
damage|weather
estate|numbers_quantity
foundation|office,science_basics
improvement|describing_things,daily_routine
leverage|city_directions
opposition|sales_customer
rocket|transport
superb|office,feelings_personality
violence|friends_relationships
warrant|contracts_law
weakness|food_drink
abide|office,friends_relationships
anticipate|core_verbs
attendant|office,feelings_personality
chess|arts_entertainment
edition|school
education|school
engine|time_dates,university
imagination|describing_things,science_basics
instrument|jobs
interior|describing_things,home_furniture
periodical|office,feelings_personality
refresh|office,core_verbs
revolution|city_directions
spin|describing_things,daily_routine
summer|weather
tissue|feelings_personality
uncertainty|describing_things,science_basics
uncomfortable|office,feelings_personality
aggressive|describing_things,science_basics
ample|office,numbers_quantity
asleep|office,linking_words
cushion|office,core_verbs
dock|office,daily_routine
echo|friends_relationships
expansion|numbers_quantity
flourish|describing_things,science_basics
goodness|describing_things,science_basics
inquire|office,core_verbs
receiver|media_news
request|internet_social
rescue|friends_relationships
sleepy|office,feelings_personality
absent|office,home_furniture
arbitrary|office,feelings_personality
beforehand|office,time_dates,linking_words
compass|describing_things,science_basics
crane|office,core_verbs
distress|describing_things,science_basics
doom|time_dates,university
forbid|office,friends_relationships
habitual|office,feelings_personality
impatient|office,feelings_personality
implement|time_dates,university
liberal|home_furniture
redemption|describing_things,time_dates,university
victory|describing_things,science_basics
applicable|office,feelings_personality
colony|home_furniture,government_society
detach|office,core_verbs
donate|office,feelings_personality
downstairs|office,daily_routine
golden|describing_things,feelings_personality
pant|office,time_dates,daily_routine
rebel|describing_things,science_basics
sacrifice|describing_things,science_basics
speculation|shopping
suspicious|office,feelings_personality
sympathy|meetings
underline|office,core_verbs
upstairs|office,linking_words
discourse|friends_relationships
explosion|science_basics
fat|jobs
handful|numbers_quantity
knot|friends_relationships
null|office,feelings_personality
realization|describing_things,science_basics
scrutiny|describing_things,science_basics
shareholder|office,friends_relationships
tribunal|office,numbers_quantity
cock|age_life_stages
constrain|core_verbs
critical|age_life_stages
derivative|office,daily_routine
explicit|office,feelings_personality
grace|government_society,contracts_law
liquid|money_banking
needle|body_appearance
oath|describing_things,science_basics
readily|office,linking_words
undermine|office,core_verbs
cheat|office,friends_relationships
differentiate|office,core_verbs
heaven|nature_landscape
grind|daily_routine
horn|describing_things,science_basics
lick|food_drink
lord|describing_things,science_basics
oak|sports_fitness
olive|food_drink
screw|friends_relationships
veil|body_appearance
bent|describing_things,science_basics
bury|money_banking,finance_accounting
conscience|describing_things,money_banking
draught|food_drink
parish|government_society,university
reading|science_basics
streak|describing_things,science_basics
sweat|age_life_stages
arise|describing_things,daily_routine
assistance|describing_things,daily_routine
charm|age_life_stages
clew|sports_fitness
climb|core_verbs
congratulate|office,friends_relationships
contempt|describing_things,science_basics
happen|time_dates,daily_routine
living|shopping
rag|describing_things,science_basics
snowy|office,government_society,daily_routine
stitch|time_dates,university
wilderness|government_society,university
abacus|office,home_furniture
abhorrence|feelings_personality
ability|jobs
accustom|office,daily_routine
anew|office,linking_words
bold|office,government_society,daily_routine
bye|office,government_society,daily_routine
chapel|describing_things,home_furniture
create|media_news
demolish|office,core_verbs
equip|office,core_verbs
fury|describing_things,science_basics
ignorance|school
jack|numbers_quantity
jaw|body_appearance
kin|friends_relationships
needy|office,government_society,daily_routine
offer|transport
peerage|describing_things,friends_relationships
prohibit|office,core_verbs
queen|internet_social
responsible|government_society,daily_routine
restore|health_illness
rim|numbers_quantity
shoot|core_verbs
should|numbers_quantity,food_drink
teat|describing_things,science_basics
unpleasant|office,government_society,daily_routine
appreciate|core_verbs
better|describing_things,science_basics
blaze|nature_landscape
daylight|time_dates,university
disguise|office,daily_routine
duel|shopping
glory|government_society,university
hostage|events
latte|food_drink
licking|describing_things,science_basics
meditation|nature_landscape
pigeon|body_appearance
prick|friends_relationships
relish|food_drink
repose|daily_routine
silk|animals
verge|transport
warning|internet_social
whatnot|body_appearance
writing|home_furniture
academic|university
acquaintance|government_society,university
ado|describing_things,science_basics
agony|science_basics
angel|friends_relationships
bosom|home_furniture
calf|animals
canopy|describing_things,science_basics
click|city_directions
continue|core_verbs
countenance|friends_relationships
dirt|nature_landscape
flame|science_basics
genius|friends_relationships
hammer|describing_things,numbers_quantity
lion|time_dates,university
mercy|weather
nut|describing_things,science_basics
sauce|food_drink
scrap|describing_things,numbers_quantity
stool|describing_things,home_furniture
tack|city_directions
toe|friends_relationships
verse|school
wisp|describing_things,science_basics
wit|jobs
acknowledge|sales_customer
anchor|describing_things,science_basics
cap|core_verbs
chestnut|nature_landscape
conventional|transport
fleece|weather
impose|core_verbs
making|describing_things,science_basics
nod|nature_landscape
ribbon|city_directions
roughly|describing_things,linking_words
skite|describing_things,science_basics
suck|family
width|describing_things,home_furniture
wink|time_dates,university
aberration|government_society,daily_routine
backbone|sports_fitness
bearing|family
beast|describing_things,science_basics
being|hr_recruiting
blush|numbers_quantity
bridle|animals
bud|nature_landscape
chalk|describing_things,science_basics
cite|friends_relationships
coconut|food_drink
concord|nature_landscape
constant|weather
curiosity|shopping
decent|office,government_society,daily_routine
dignity|hr_recruiting
dismiss|core_verbs
dough|describing_things,science_basics
equal|numbers_quantity
fatal|nature_landscape
flock|numbers_quantity
govern|core_verbs
grease|nature_landscape
greet|meetings
introduce|friends_relationships
lap|family
marine|language_learning,daily_routine
observe|core_verbs
perch|animals
pray|language_learning,daily_routine
quarrel|feelings_personality
realize|shopping
scan|core_verbs
straw|nature_landscape
suppose|meetings
temper|describing_things,science_basics
understanding|friends_relationships
waft|arts_entertainment
whirl|city_directions
womb|nature_landscape
worship|describing_things,daily_routine
abeyance|describing_things,science_basics
accomplish|core_verbs
airing|describing_things,science_basics
bachelor|family
banana|describing_things,science_basics
beginning|feelings_personality,time_dates
belly|food_drink
breadth|body_appearance
camel|nature_landscape
caste|science_basics
chortle|describing_things,science_basics
clearing|weather
conclude|meetings
deuce|sports_fitness,arts_entertainment
dwarf|friends_relationships
eleven|numbers_quantity
fell|animals
fetch|describing_things,daily_routine
fig|weather
fist|feelings_personality
germ|office,time_dates,daily_routine
heap|numbers_quantity
highness|friends_relationships
inner|describing_things,government_society,daily_routine
internal|describing_things,government_society,daily_routine
kingdom|describing_things,science_basics
lash|age_life_stages
obedience|government_society,daily_routine
penny|health_illness
picking|numbers_quantity
pinch|describing_things,science_basics
plume|describing_things,science_basics
prince|family
reel|media_news,arts_entertainment
seizure|health_illness
stability|describing_things,science_basics
stride|describing_things,science_basics
stub|describing_things,science_basics
superiority|describing_things,science_basics
torch|body_appearance
travelling|age_life_stages
trifle|weather
trimming|language_learning,daily_routine
velvet|describing_things,home_furniture
wax|food_drink
wipe|body_appearance
assure|age_life_stages
beggar|describing_things,science_basics
chap|family
consume|time_dates,daily_routine
dawn|time_dates,daily_routine
deeply|describing_things,linking_words
delicacy|describing_things,science_basics
ebb|numbers_quantity
exclude|home_furniture
fame|sports_fitness
filling|logistics
fool|time_dates,daily_routine
frog|animals
haste|numbers_quantity
holler|animals
i|function_words
ideal|shopping
intend|language_learning,daily_routine
invite|core_verbs
largely|describing_things,numbers_quantity
learning|science_basics
mast|media_news
means|travel_holidays
mischief|arts_entertainment
occur|core_verbs
peanuts|numbers_quantity
proverb|numbers_quantity
puppet|government_society,daily_routine
rascal|describing_things,science_basics
rat|nature_landscape
reject|friends_relationships
robbery|describing_things,science_basics
satisfy|friends_relationships
scent|describing_things,science_basics
stocking|body_appearance
they|function_words
toilet|numbers_quantity
abatement|numbers_quantity
accession|science_basics
behave|friends_relationships
berry|describing_things,science_basics
blessing|describing_things,science_basics
bloody|weather
breeding|describing_things,science_basics
discredit|government_society,daily_routine
elect|office,core_verbs
entrance|friends_relationships
essential|describing_things,government_society,daily_routine
feeling|health_illness
fling|describing_things,science_basics
footing|government_society,daily_routine
marry|family
melon|family
parting|describing_things,science_basics
partner|friends_relationships
pose|core_verbs
proclamation|government_society,daily_routine
provoke|office,core_verbs
socket|describing_things,science_basics
somebody|function_words
uptake|body_appearance
weird|describing_things,government_society,daily_routine
ammonia|food_drink
blade|age_life_stages
capture|core_verbs
carriage|describing_things,science_basics
caterpillar|animals
clutch|describing_things,daily_routine
debate|school
defend|language_learning,daily_routine
editing|office,daily_routine
fortnight|time_dates,daily_routine
hearing|contracts_law
helm|describing_things,science_basics
ignore|friends_relationships
inform|government_society,daily_routine
keeping|describing_things,science_basics
platypus|family
pluck|describing_things,science_basics
prominence|government_society,daily_routine
revenge|describing_things,daily_routine
running|sports_fitness
shame|feelings_personality
snowfall|describing_things,science_basics
tar|describing_things,science_basics
tornado|nature_landscape
wizard|friends_relationships
admiral|describing_things,science_basics
affection|describing_things,science_basics
artery|health_illness
bloom|science_basics
chum|friends_relationships
cropper|feelings_personality
dressing|friends_relationships
eel|food_drink
jar|media_news
murmur|describing_things,science_basics
mushroom|describing_things,science_basics
nadir|government_society,daily_routine
persist|office,core_verbs
repression|government_society,daily_routine
restoration|health_illness
ruffle|food_drink
shaft|describing_things,science_basics
spelling|language_learning,daily_routine
spit|nature_landscape
strive|office,core_verbs
summons|friends_relationships
temptation|describing_things,science_basics
thrashing|describing_things,science_basics
thrust|describing_things,science_basics
vanity|language_learning,daily_routine
verification|science_basics
vigour|describing_things,science_basics
wreck|friends_relationships
accede|core_verbs
accountable|office,government_society,daily_routine
accrue|office,core_verbs
avalanche|weather
avenue|describing_things,science_basics
ballast|transport
brace|describing_things,science_basics
coil|describing_things,science_basics
companion|office,science_basics
congress|government_society,daily_routine
contemplate|office,core_verbs
corn|office,core_verbs
cutting|transport
descent|describing_things,daily_routine
devise|office,time_dates,daily_routine
dominion|government_society,daily_routine
entail|office,daily_routine
facing|describing_things,daily_routine
flutter|describing_things,home_furniture
gripe|describing_things,science_basics
header|describing_things,science_basics
hitch|time_dates,daily_routine
humanity|describing_things,science_basics
intelligent|office,numbers_quantity
jest|describing_things,science_basics
kicker|sports_fitness
lodge|describing_things,science_basics
louder|it_technology
prose|describing_things,science_basics
refuge|describing_things,home_furniture
remedy|office,core_verbs
roar|describing_things,science_basics
rogue|arts_entertainment
rot|government_society,daily_routine
settling|describing_things,numbers_quantity
sitting|hotel_restaurant
smash|transport
tenor|age_life_stages
tramp|describing_things,science_basics
vengeance|friends_relationships
academy|school
admiration|describing_things,science_basics
beating|feelings_personality
considering|function_words
contrivance|jobs
courage|health_illness
crawl|describing_things,daily_routine
creep|friends_relationships
dab|describing_things,science_basics
darling|friends_relationships
denial|describing_things,science_basics
digestion|science_basics
disgrace|government_society,daily_routine
dodge|feelings_personality
earnest|friends_relationships
flake|weather
foil|describing_things,science_basics
foul|describing_things,government_society,daily_routine
froth|school
gown|school
gust|weather
housing|friends_relationships
iff|function_words
juncture|time_dates,daily_routine
kindness|describing_things,daily_routine
laurel|sports_fitness
mob|friends_relationships
multitude|numbers_quantity
navigation|describing_things,home_furniture
ornament|school
perfection|government_society,daily_routine
pirate|friends_relationships
pity|friends_relationships
prism|school
re|function_words
remembrance|describing_things,time_dates,daily_routine
riding|sports_fitness
saloon|hotel_restaurant
secrecy|school
shave|school
snare|school
snatch|school
sounding|transport
spate|numbers_quantity
spice|food_drink
standing|internet_social
stew|feelings_personality
stiff|describing_things,government_society,daily_routine
sting|health_illness
tangle|school
third|numbers_quantity
truce|meetings
turk|age_life_stages
twinkle|describing_things,daily_routine
vault|school
virgin|friends_relationships
wandering|family
wane|numbers_quantity
warp|school
whence|function_words
abundance|numbers_quantity
accelerator|school
acoustics|science_basics
almond|food_drink
ambulance|transport
amusement|describing_things,daily_routine
apostle|time_dates,daily_routine
apparatus|school
ass|hr_recruiting
baptism|school
bladder|environment_energy
cant|logistics
contemplation|school
couch|numbers_quantity
covering|describing_things,home_furniture
cupboard|hotel_restaurant
cynic|nature_landscape
dart|describing_things,daily_routine
dew|food_drink
don|school
drawing|media_news
egress|language_learning,daily_routine
famine|food_drink
fiend|friends_relationships
following|school
forage|food_drink
fuss|government_society,daily_routine
gem|describing_things,numbers_quantity
gentry|government_society,daily_routine
glimpse|body_appearance
harmony|describing_things,daily_routine
herd|feelings_personality
imprint|body_appearance
instantly|function_words
knack|school
landslide|school
lens|school
metre|school
mint|numbers_quantity
misery|government_society,daily_routine
monster|animals
nay|language_learning,daily_routine
prayer|school
propaganda|school
quack|health_illness
quest|arts_entertainment
recompense|sales_customer
repute|government_society,daily_routine
riser|time_dates,daily_routine
salute|school
scourge|school
siege|describing_things,home_furniture
sixth|school
skull|body_appearance
slant|language_learning,daily_routine
solder|school
squadron|office,numbers_quantity
temperance|hotel_restaurant
trepidation|school
turning|city_directions
advanced|science_basics
advent|it_technology
affectation|school
agitate|government_society,daily_routine
allegiance|school
alloy|numbers_quantity
altar|meetings
approbation|friends_relationships
artillery|school
ascent|transport
attainment|time_dates,daily_routine
brigade|school
brood|time_dates,daily_routine
burning|school
butt|time_dates,daily_routine
cache|money_banking
charcoal|nature_landscape
chasm|nature_landscape
complexion|friends_relationships
conformity|government_society,daily_routine
corps|numbers_quantity
crumb|numbers_quantity
dearth|school
doldrums|office,school
dreg|numbers_quantity
dusting|friends_relationships
eighth|school
engineering|science_basics
ether|nature_landscape
eve|family
everlasting|family
feast|numbers_quantity
flank|city_directions
flop|describing_things,daily_routine
foe|health_illness
foreground|city_directions
framing|school
frighten|core_verbs
fume|weather
funeral|friends_relationships
grief|age_life_stages
growing|science_basics
hail|environment_energy
hay|weather
heating|weather
heave|core_verbs
hiding|feelings_personality
horseshoe|sports_fitness
huddle|meetings
idiom|language_learning,daily_routine
imagery|school
impediment|describing_things,daily_routine
lather|animals
lest|school
liaison|friends_relationships
mastery|describing_things,daily_routine
monarchy|school
moonlight|school
mortification|school
mud|nature_landscape
mug|numbers_quantity
nationality|government_society,daily_routine
navy|time_dates,events
neighbour|home_furniture
nor|describing_things,time_dates,linking_words
oblivion|government_society,events
observance|health_illness
offering|school
pall|school
palm|body_appearance
peep|time_dates,events
persecution|sports_fitness
pip|health_illness
plight|feelings_personality
purple|school
ramp|school
razzle_dazzle|arts_entertainment
reign|school
repository|school
reproach|school
rid|money_banking
robe|school
saint|friends_relationships
salvation|describing_things,government_society,events
salvo|contracts_law
sap|science_basics
scorn|school
scotch|school
scrape|transport
serpent|age_life_stages
shark|health_illness
shepherd|friends_relationships
sickness|describing_things,numbers_quantity
slouch|friends_relationships
squire|age_life_stages
stunt|school
thaw|science_basics
thinking|science_basics
tiptoe|school
torment|science_basics
tot|numbers_quantity
treasure|money_banking
tribute|school
tumult|government_society,events
twilight|time_dates,events
uneasiness|feelings_personality
vinegar|food_drink
vocation|jobs
winning|school
wrath|school
wretch|school
yarn|school
abhorrent|describing_things,government_society,events
adherent|friends_relationships
aftermath|events
alchemy|numbers_quantity
alibi|contracts_law
annoyance|government_society,events
arena|environment_energy
bait|school
bare|body_appearance,language_learning
boiling|environment_energy
botch|describing_things,daily_routine
bulkhead|transport
chew|school
chop|cooking
cloak|school
concealment|school
conjecture|describing_things,school
crux|school
culprit|friends_relationships
deception|school
deer|school
dexterity|office,numbers_quantity
doomsday|time_dates,events
doorway|home_furniture
eating|food_drink
enmity|government_society,events
envy|school
epitome|school
falsetto|school
fir|nature_landscape
fishing|nature_landscape
fluster|feelings_personality
folly|body_appearance
footage|media_news
forefront|describing_things,numbers_quantity
frenzy|government_society,events
gleam|feelings_personality
glimmer|feelings_personality
godfather|family
gravy|logistics
guardian|friends_relationships
gush|food_drink
handsome|describing_things,government_society,events
harbinger|friends_relationships
hardness|school
haven|describing_things,home_furniture
helping|food_drink,numbers_quantity
heyday|school
homage|money_banking
iota|numbers_quantity
juggernaut|school
leading|school
lee|home_furniture
liking|school
lore|animals
maid|age_life_stages
maple|nature_landscape,food_drink
marvel|school
mend|school
moderation|school
mythology|friends_relationships
obstinacy|health_illness
october|time_dates,events
ordeal|school
pail|numbers_quantity
palate|body_appearance
penance|describing_things,daily_routine
persuade|sports_fitness
pounce|describing_things,daily_routine
precedence|shopping
privation|government_society,events
puncture|environment_energy
rake|core_verbs
rapture|government_society,events
reasoning|school
rebuke|school
regiment|school
reliable|friends_relationships
rely|friends_relationships
repugnant|describing_things,government_society,events
resentment|friends_relationships
revolt|school
ripe|describing_things,government_society,events
rudiment|science_basics
rummage|shopping
scamper|school
scum|government_society,events
sixty|shopping
snub|school
solace|feelings_personality
solitude|internet_social
speaking|government_society,events
stature|describing_things,numbers_quantity
strait|nature_landscape
stranglehold|friends_relationships
suspense|describing_things,daily_routine
sway|school
tenacious|feelings_personality
tenth|describing_things,numbers_quantity
tether|time_dates,events
tickle|friends_relationships
toss_up|time_dates,events
unrest|government_society,contracts_law
usury|sales_customer
venom|school
victor|school
ware|it_technology
woodland|nature_landscape
zing|school
accuse|core_verbs
aware|describing_things,government_society,events
earn|money_banking,finance_accounting
except|sports_fitness
mining|nature_landscape
nonplus|school
queer|feelings_personality
reside|home_furniture
servile|describing_things,government_society,events
vain|describing_things,government_society,events
whip|clothes
camping|describing_things,daily_routine
casing|school
given|school
happening|events
hegemony|internet_social
hollow|sports_fitness
litre|food_drink
new_year|phrasal_verbs
pancake|school
peeling|health_illness
performing|describing_things,numbers_quantity
quantization|science_basics
redundant|numbers_quantity
rickroll|school
riverside|nature_landscape
semiquincentennial|time_dates,events
shopping|shopping
shuffle|core_verbs
sober|science_basics
standpoint|jobs
treatise|science_basics
triptote|school
url|city_directions
ushanka|school
vicious|health_illness
agreeable|weather
astronomy|describing_things,numbers_quantity
avail|school
bald|sports_fitness
comprehend|time_dates,jobs
holy|food_drink
lunar|time_dates,events
perplex|friends_relationships
ram|transport
remedial|describing_things,government_society,events
sore|body_appearance
swallow|numbers_quantity
beg|core_verbs
dainty|body_appearance
deaf|internet_social
deter|office,core_verbs
dim|describing_things,government_society,events
drown|friends_relationships
exempt|office,core_verbs
exert|office,core_verbs
failing|function_words
incapable|describing_things,government_society,events
indirectly|office,linking_words
respective|office,government_society,events
ridicule|language_learning,events
wanting|function_words
warfare|science_basics
aka|function_words
ampere|environment_energy
an|function_words
anguish|friends_relationships
ant|weather
awe|school
compassion|school
dusty|describing_things,government_society,events
howl|health_illness
notwithstanding|function_words
plaster|friends_relationships
regarding|function_words
serene|describing_things,government_society,events
shady|describing_things,government_society,events
sheaf|logistics
them|function_words
throne|home_furniture
touching|function_words
volcano|nature_landscape
bloc|city_directions
bob|core_verbs
cardinal|describing_things,government_society,events
clasp|core_verbs
consolation|feelings_personality
corresponding|government_society,events
dander|animals
despair|government_society,events
earshot|school
earthly|nature_landscape
easter|numbers_quantity
faithful|office,government_society,events
farming|science_basics
friends|family
frustum|transport
furious|science_basics
heed|money_banking
her|school
huff|government_society,events
hullabaloo|describing_things,daily_routine
intestine|describing_things,numbers_quantity
ken|describing_things,home_furniture
lark|school
midst|school
mortal|describing_things,government_society,events
neon|environment_energy
nonsense|language_learning,events
omen|feelings_personality
oodles|numbers_quantity
participle|language_learning,events
pique|school
reef|food_drink
sat|describing_things,government_society,events
semblance|school
spill_the_tea|phrasal_verbs
spoil|food_drink
stab|friends_relationships
torrent|weather
troubled|food_drink
utmost|university
verve|school
vortex|school
working|office,daily_routine
acquaint|core_verbs
acquit|contracts_law
adieu|describing_things,daily_routine
alms|money_banking
anonymity|government_society,events
apoplexy|health_illness
ardent|government_society,events
astonishment|school
aught|numbers_quantity
azimuth|transport
bathe|describing_things,daily_routine
blot|school
brainchild|shopping
buddha|school
cape|feelings_personality
captive|friends_relationships
carelessness|school
china|shopping
christmas|family
clincher|school
clink|school
collusion|friends_relationships
consternation|friends_relationships
coterie|friends_relationships
crayfish|food_drink
dogs|numbers_quantity
duct|school
dumb|school
dutch|hotel_restaurant
epoch|events
esteem|friends_relationships
faint|health_illness
features|numbers_quantity
flaming|describing_things,government_society,events
flap|body_appearance
gratitude|school
gravitation|nature_landscape
greasy|transport
groan|health_illness
grudge|health_illness
haphazard|school
henry|numbers_quantity
indignation|school
kirk|school
midday|time_dates,events
mighty|nature_landscape
mock|friends_relationships
overflowing|school
peacock|animals
poop|friends_relationships
pope|friends_relationships
pretext|shopping
rapport|friends_relationships
reciprocal|school
repentance|arts_entertainment
respecting|school
reverence|friends_relationships
ringing|school
rivalry|money_banking
rolling|describing_things,government_society,events
rugged|nature_landscape
rum|shopping
saying|language_learning,events
scot|money_banking
sect|school
sentinel|friends_relationships
shocking|media_news
sleeping|office,school
slippery|describing_things,government_society,events
slumber|government_society,events
smattering|numbers_quantity
sponge|home_furniture
strife|school
stroll|government_society,events
surname|numbers_quantity
tantrum|feelings_personality
telegram|internet_social
thud|school
tom|school
tremulous|describing_things,government_society,events
trying|describing_things,government_society,events
vale|nature_landscape
veneration|friends_relationships
vim|describing_things,daily_routine
voyage|food_drink
wager|describing_things,daily_routine
warrior|friends_relationships
whereabouts|school
wince|health_illness
wont|hotel_restaurant
wow|arts_entertainment
zinc|clothes
abominable|language_learning,events
abrupt|describing_things,government_society,events
abusive|describing_things,government_society,events
acting|describing_things,government_society,events
astronomical|science_basics
ditch|age_life_stages
eternal|describing_things,government_society,events
formidable|describing_things,government_society,events
ghostly|family
lively|science_basics
maiden|describing_things,government_society,events
our|family
outward|science_basics
partake|core_verbs
pat|describing_things,linking_words
stink|money_banking
transitive|language_learning,events
vivacious|family
afloat|describing_things,government_society,events
appease|numbers_quantity
apt|family
betray|friends_relationships,core_verbs
blooming|describing_things,government_society,events
canonical|clothes
conquer|core_verbs
crass|describing_things,government_society,events
deadly|describing_things,government_society,events
exemplary|describing_things,government_society,events
grub|core_verbs
indifferent|describing_things,government_society,events
indulge|feelings_personality
instrumental|describing_things,government_society,events
muddy|nature_landscape
raging|describing_things,daily_routine
slapping|describing_things,government_society,events
sublime|describing_things,government_society,events
thoughtless|describing_things,government_society,events
zealous|numbers_quantity
absorbed|describing_things,government_society,events
admirable|describing_things,government_society,events
applaud|core_verbs
bovine|body_appearance
candied|food_drink
circular|describing_things,government_society,events
commanding|body_appearance
crisp|describing_things,government_society,events
dice|core_verbs
forgather|friends_relationships
glaring|describing_things,government_society,events
glorious|describing_things,government_society,events
gushing|friends_relationships
lushy|describing_things,government_society,events
propitious|weather
redress|core_verbs
righteous|describing_things,government_society,events
solemn|describing_things,government_society,events
tame|sports_fitness
willing|describing_things,government_society,events
worm|core_verbs
wretched|weather
accomplished|describing_things,government_society,events
according|numbers_quantity
angular|describing_things,daily_routine
appointed|describing_things,government_society,events
dam|core_verbs
dazzling|weather
decided|describing_things,government_society,events
disinterested|friends_relationships
drizzle|weather
exacting|jobs
fearful|describing_things,government_society,events
fishy|food_drink
flirt|core_verbs
giddy|body_appearance
hearty|describing_things,government_society,events
heroic|clothes
illuminate|school
lasting|describing_things,home_furniture
lour|core_verbs
lower|core_verbs
moist|weather
moving|describing_things,government_society,events
roast|cooking
sacred|school
savage|family
settled|describing_things,government_society,events
stormy|weather
stumble|core_verbs
sympathetic|science_basics
treacherous|describing_things,government_society,events
tuff|describing_things,government_society,events
useless|describing_things,government_society,events
weep|health_illness
ascend|travel_holidays
assured|describing_things,government_society,events
coarse|describing_things,government_society,events
commend|friends_relationships
cunning|describing_things,government_society,events
descend|family
disperse|core_verbs
frost|core_verbs
gallant|describing_things,daily_routine
grate|core_verbs
horny|body_appearance
hug|friends_relationships
hum|core_verbs
imperial|describing_things,government_society,events
jarring|describing_things,government_society,events
kindle|core_verbs
kindly|feelings_personality
merry|time_dates,events
nameless|describing_things,government_society,events
neuter|describing_things,government_society,events
obstruct|friends_relationships
obtuse|describing_things,government_society,events
penetrate|friends_relationships
practically|city_directions
repel|core_verbs
repudiate|money_banking
respectable|friends_relationships
ruddy|describing_things,government_society,events
skew|city_directions
slender|family
stricken|core_verbs
stubborn|describing_things,government_society,events
subside|clothes
troublesome|describing_things,government_society,events
utter|core_verbs
vicarious|office,daily_routine
vigorous|describing_things,daily_routine
vivid|describing_things,government_society,events
wicked|weather
abjure|core_verbs
accredit|friends_relationships
agog|describing_things,numbers_quantity
allied|animals
arduous|science_basics
auricular|city_directions
burrow|core_verbs
cheerful|hotel_restaurant
churlish|nature_landscape
clerical|describing_things,government_society,events
conscientious|jobs
conversant|describing_things,government_society,events
cruel|health_illness
cultivate|core_verbs
devour|core_verbs
dispense|describing_things,core_verbs
dwell|core_verbs
elevated|nature_landscape
failed|school
fanciful|describing_things,government_society,events
feeble|describing_things,government_society,events
fond|family
forlorn|describing_things,government_society,events
german|language_learning,events
governing|describing_things,government_society,events
hasty|describing_things,government_society,events
heartily|hotel_restaurant
howling|feelings_personality
imitate|hr_recruiting
knowing|describing_things,home_furniture
mute|describing_things,government_society,events
orderly|school
picket|internet_social
rambling|describing_things,government_society,events
raven|core_verbs
repeating|describing_things,government_society,events
restrained|describing_things,government_society,events
shabby|home_furniture
shear|core_verbs
spiritual|describing_things,government_society,events
splendid|describing_things,government_society,events
starve|food_drink
sticky|describing_things,government_society,events
stirring|describing_things,government_society,events
sunken|describing_things,government_society,events
tearing|describing_things,government_society,events
thoughtful|describing_things,government_society,events
united|describing_things,government_society,events
warlike|describing_things,government_society,events
wedded|age_life_stages
weeping|describing_things,government_society,events
whither|describing_things,daily_routine
woo|friends_relationships
abreast|numbers_quantity
affected|friends_relationships
affix|core_verbs
aloud|describing_things,linking_words
amicable|feelings_personality
amphibious|school
assumed|shopping
awake|core_verbs
backhanded|body_appearance
barren|describing_things,government_society,events
blunt|time_dates,events
brute|hr_recruiting
bursting|language_learning,events
caustic|describing_things,government_society,events
cement|core_verbs
childish|describing_things,government_society,events
comic|arts_entertainment
connected|describing_things,government_society,events
conspicuous|body_appearance
covered|describing_things,government_society,events
curtail|core_verbs
destitute|friends_relationships
detached|home_furniture
detain|core_verbs
dread|feelings_personality
farce|school
festive|arts_entertainment
flimsy|describing_things,government_society,events
frown|feelings_personality
fudge|core_verbs
genial|age_life_stages
gnaw|core_verbs
gracious|food_drink
hanging|body_appearance
happily|describing_things,linking_words
headlong|describing_things,government_society,events
heal|health_illness
heated|weather
hopeless|feelings_personality
hustle|friends_relationships
impending|weather
impetuous|weather
impinge|core_verbs
interested|describing_things,government_society,events
jerk|home_furniture
lace|weather
latin|language_learning,events
lavish|money_banking
lingering|describing_things,government_society,events
lofty|nature_landscape
loosen|core_verbs
masculine|describing_things,government_society,events
miscellaneous|describing_things,government_society,events
mounted|contracts_law
narrowly|describing_things,linking_words
naughty|describing_things,government_society,events
navigate|weather
notorious|describing_things,government_society,events
parted|core_verbs
pecuniary|money_banking
pierce|core_verbs
pitiful|numbers_quantity
ponderous|body_appearance
promulgate|government_society,contracts_law
raft|transport
rasp|friends_relationships
regale|food_drink
restless|describing_things,government_society,events
reverend|city_directions
rib|home_furniture
rifle|core_verbs
roman|friends_relationships
ruling|environment_energy
salient|describing_things,government_society,events
sanguine|describing_things,government_society,events
sinister|describing_things,government_society,events
slit|home_furniture
solicit|core_verbs
sordid|describing_things,government_society,events
studious|describing_things,daily_routine
sturdy|science_basics
supple|animals
swipe|core_verbs
taut|describing_things,government_society,events
tease|friends_relationships
touring|describing_things,government_society,events
trenchant|describing_things,government_society,events
unjust|describing_things,government_society,events
untouched|food_drink
vomit|body_appearance
wade|food_drink
wheedle|friends_relationships
whistle|weather
winnow|environment_energy
worldly|describing_things,government_society,events
abridge|contracts_law
absolve|friends_relationships
acoustic|arts_entertainment
adjective|describing_things,government_society,events
aloft|transport
apropos|time_dates,linking_words
arouse|core_verbs
assimilate|core_verbs
attentive|describing_things,government_society,events
baffle|core_verbs
bleak|home_furniture
bluster|weather
bouncing|family
cane|home_furniture
celestial|describing_things,government_society,events
cherish|core_verbs
clarion|media_news
cognate|nature_landscape
coming|school
concerned|feelings_personality
confess|core_verbs
crank|travel_holidays
crimp|friends_relationships
dashing|describing_things,government_society,events
deficient|university
desist|core_verbs
determined|describing_things,daily_routine
devoted|friends_relationships
distinctly|describing_things,linking_words
distinguished|hotel_restaurant
divine|describing_things,government_society,events
egregious|feelings_personality
expressly|describing_things,linking_words
feminine|language_learning,events
fifty|numbers_quantity
fitful|weather
flamboyant|describing_things,government_society,events
forbear|core_verbs
forty|numbers_quantity
frugal|time_dates,events
garish|describing_things,government_society,events
gaunt|weather
gorgeous|body_appearance
gravitate|core_verbs
groom|friends_relationships
grunt|describing_things,core_verbs
heavenly|describing_things,government_society,events
humming|describing_things,government_society,events
ignominious|describing_things,government_society,events
imaginary|health_illness
imperious|describing_things,government_society,events
impudent|describing_things,government_society,events
indebted|friends_relationships
indemnify|friends_relationships
inland|describing_things,government_society,events
inquiring|body_appearance
inspired|describing_things,government_society,events
intended|describing_things,government_society,events
interesting|media_news
interrogative|feelings_personality
intricate|numbers_quantity
juggle|office,daily_routine
justified|money_banking
laughing|body_appearance
learned|describing_things,government_society,events
lo|describing_things,government_society,events
locomotive|time_dates,events
maritime|government_society,events
martial|describing_things,government_society,events
meddle|friends_relationships
miserable|home_furniture
mop|home_furniture,nature_landscape
mum|language_learning,events
orthogonal|describing_things,government_society,events
overtake|food_drink
owing|money_banking
passionate|describing_things,government_society,events
paternal|family
pinion|friends_relationships
planetary|science_basics
plank|money_banking
pore|school
preside|government_society,jobs
pressing|describing_things,daily_routine
procure|jobs
quake|weather
rash|describing_things,government_society,events
recollect|age_life_stages
registered|school
rejoice|feelings_personality
remonstrate|friends_relationships
retiring|describing_things,government_society,events
richly|university
risible|describing_things,government_society,events
roam|travel_holidays
rob|core_verbs
shovel|weather
sidereal|time_dates,events
situated|describing_things,government_society,events
slop|sports_fitness
snort|body_appearance
sorrow|friends_relationships
splash|food_drink
sprout|core_verbs
stern|describing_things,government_society,events
stout|describing_things,government_society,events
straighten|hotel_restaurant
studied|describing_things,government_society,events
superficial|describing_things,government_society,events
superlative|university
supplementary|food_drink
supporting|media_news
swimming|describing_things,government_society,events
taking|describing_things,government_society,events
talking|describing_things,government_society,events
tarnish|core_verbs
temperate|weather
transpicuous|describing_things,government_society,events
truthful|describing_things,government_society,events
twiddle|core_verbs
unconscious|describing_things,government_society,events
upright|describing_things,government_society,events
usher|friends_relationships
vanquish|sports_fitness
vastly|university
verbose|numbers_quantity
volcanic|nature_landscape
weary|body_appearance
whereon|feelings_personality
whimsical|describing_things,government_society,events
writhe|core_verbs
addle|cooking
adjourn|time_dates,jobs
ambiguous|numbers_quantity
amphibian|school
annoyed|describing_things,government_society,events
aquiline|body_appearance
arched|describing_things,government_society,events
beneficent|feelings_personality
blacken|friends_relationships
bolt|core_verbs
bonanza|time_dates,events
circumflex|describing_things,government_society,events
clothe|family
commodious|home_furniture
concentrated|numbers_quantity
conformable|friends_relationships
connote|language_learning,jobs
crying|describing_things,government_society,events
dabble|body_appearance
dated|describing_things,government_society,events
decidedly|describing_things,linking_words
depose|office,core_verbs
discriminating|food_drink
dreadful|travel_holidays
elicit|core_verbs
ensconce|core_verbs
exaggerated|friends_relationships
excruciating|describing_things,daily_routine
filthy|describing_things,daily_routine
flashy|describing_things,daily_routine
flying|describing_things,daily_routine
foam|body_appearance
foremost|describing_things,daily_routine
foretell|friends_relationships
forgive|core_verbs
furtive|language_learning,events
get_cold_feet|phrasal_verbs
ghastly|body_appearance
growl|friends_relationships
guarded|describing_things,daily_routine
guzzle|food_drink
have_to|phrasal_verbs
healing|health_illness
hem|friends_relationships
hoof|friends_relationships
ignorant|describing_things,daily_routine
illiterate|language_learning,events
imbecile|age_life_stages
improvise|home_furniture
impugn|core_verbs
inadvertent|describing_things,daily_routine
included|logistics
incongruous|describing_things,daily_routine
insinuate|friends_relationships
jaded|describing_things,daily_routine
kowtow|friends_relationships
loiter|time_dates,jobs
lurid|describing_things,daily_routine
malignant|health_illness
manifest|arts_entertainment
marked|describing_things,daily_routine
mightily|describing_things,linking_words
mossy|describing_things,daily_routine
obstinate|health_illness
overwhelming|describing_things,daily_routine
packed|arts_entertainment
paste|core_verbs
polished|describing_things,daily_routine
ponder|core_verbs
preferred|numbers_quantity
procession|describing_things,daily_routine
profuse|describing_things,daily_routine
quarry|core_verbs
readable|describing_things,daily_routine
remiss|describing_things,daily_routine
revamp|arts_entertainment
rhythmic|arts_entertainment
rounded|describing_things,daily_routine
scanty|numbers_quantity
scour|core_verbs
sentimental|describing_things,daily_routine
shining|describing_things,daily_routine
sickening|describing_things,daily_routine
skimpy|describing_things,daily_routine
snide|describing_things,daily_routine
sparing|environment_energy
sparkling|describing_things,daily_routine
apple|health_illness
orange|food_drink
mango|describing_things,school
grape|food_drink
pineapple|nature_landscape
watermelon|school
peach|school
pear|numbers_quantity
plum|health_illness
cherry|nature_landscape
avocado|health_illness
papaya|describing_things,school
guava|describing_things,school
kiwi|food_drink
lemon|food_drink
lime|school
grapefruit|nature_landscape
pomegranate|numbers_quantity,describing_things
apricot|nature_landscape
raspberry|school
blueberry|food_drink
cranberry|describing_things,home_furniture
mulberry|food_drink
passion_fruit|phrasal_verbs
star_fruit|phrasal_verbs
dragon_fruit|phrasal_verbs
bee|animals
spider|animals
snake|animals
lizard|animals
toad|animals
crocodile|animals
octopus|animals
crab|animals
shrimp|animals
penguin|animals
eagle|animals
owl|animals
parrot|animals
swan|animals
rooster|animals
duckling|animals
goat|animals
sheep|animals
donkey|animals
zebra|animals
giraffe|animals
rhinoceros|animals
hippopotamus|animals
kangaroo|animals
panda|animals
wolf|animals
backpack|describing_things,home_furniture
eraser|describing_things,home_furniture
ruler|friends_relationships
crayon|family
marker|language_learning,events
scissors|office,home_furniture
glue|describing_things,home_furniture
schoolbag|school
blackboard|school
whiteboard|describing_things,home_furniture
headphones|language_learning,events
camera|time_dates,events
raincoat|food_drink
helmet|transport
bicycle|transport
scooter|describing_things,home_furniture
airplane|describing_things,home_furniture
shelf|describing_things,home_furniture
drawer|logistics
bucket|food_drink
broom|home_furniture
zipper|friends_relationships
glove|clothes
sneaker|home_furniture
tray|food_drink
napkin|shopping
doll|friends_relationships
puzzle|numbers_quantity
he|function_words
we|function_words
as|function_words
would|hotel_restaurant
about|function_words
which|function_words
who|function_words
no|function_words
could|home_furniture
most|function_words
off|function_words
end|time_dates,events
play|arts_entertainment,sports_fitness
include|transport,money_banking
every|function_words
begin|time_dates,jobs
program|it_technology
lead|sports_fitness
city|city_directions,describing_things
almost|office,linking_words
whole|describing_things,numbers_quantity
probably|transport
center|city_directions
real|describing_things,daily_routine
development|shopping
top|home_furniture
color|describing_things,home_furniture
involve|office,daily_routine
eye|body_appearance
music|arts_entertainment
perhaps|transport
produce|science_basics,environment_energy
film|arts_entertainment,media_news
someone|function_words
himself|function_words
girl|family
maybe|shopping
role|arts_entertainment
phone|it_technology
themselves|function_words
white|weather
organization|school
couple|friends_relationships
kid|family
itself|function_words
percent|numbers_quantity
focus|numbers_quantity
single|hotel_restaurant,home_furniture
technology|it_technology
effort|sports_fitness
century|describing_things,home_furniture
exist|describing_things,numbers_quantity
leader|jobs,meetings
president|government_society,contracts_law
police|contracts_law
poor|describing_things,numbers_quantity
arm|body_appearance
simply|numbers_quantity
cell|numbers_quantity
surprise|events
feature|describing_things,numbers_quantity
recently|time_dates,linking_words
everyone|function_words
page|school
international|transport,numbers_quantity
myself|function_words
exactly|describing_things,linking_words
plant|nature_landscape,environment_energy
worker|jobs
whatever|function_words
respect|sports_fitness
management|time_dates,events
behavior|feelings_personality
production|science_basics
player|sports_fitness
enter|home_furniture
drug|health_illness
machine|it_technology
anyone|function_words
analysis|science_basics
military|sales_customer
hotel|hotel_restaurant
nation|government_society,events
link|science_basics
quickly|health_illness
television|media_news
yourself|function_words
village|city_directions,describing_things
investment|time_dates,events
file|office,home_furniture
option|transport
refer|friends_relationships
baby|animals
adult|age_life_stages
pattern|describing_things,home_furniture
obviously|describing_things,linking_words
unclear|meetings
separate|home_furniture
throughout|function_words
disease|health_illness
basis|friends_relationships
encourage|friends_relationships
restaurant|hotel_restaurant
okay|time_dates,events
daughter|family
mine|function_words
object|science_basics
discover|time_dates,jobs
extend|time_dates,jobs
facility|time_dates,events
clothes|weather
completely|numbers_quantity
easily|describing_things,linking_words
dollar|shopping
yeah|language_learning,events
proposal|time_dates,events
immediately|office,linking_words
traditional|arts_entertainment
herself|function_words
favorite|describing_things,numbers_quantity
famous|shopping
appropriate|clothes
radio|media_news
complex|science_basics
text|language_learning,events
context|language_learning,events
directly|language_learning,linking_words
sample|numbers_quantity
video|media_news,it_technology
wonderful|time_dates,events
examine|health_illness,body_appearance
display|it_technology
federal|government_society,contracts_law
reveal|office,daily_routine
crime|contracts_law
decade|city_directions
warn|friends_relationships
institution|university
eventually|time_dates,linking_words
excite|feelings_personality
taxi|transport
sector|it_technology
ensure|home_furniture
labor|office,daily_routine
excellent|sales_customer
edge|home_furniture
email|internet_social,it_technology
global|weather
select|language_learning,jobs
surround|home_furniture
fully|meetings
conflict|describing_things,home_furniture
entire|time_dates,events
gas|environment_energy
category|numbers_quantity
defense|sports_fitness
nuclear|environment_energy,science_basics
driver|transport
introduction|office,numbers_quantity
senior|jobs
photo|family
refuse|sales_customer
transport|transport,government_society
emerge|body_appearance
concept|school
left|city_directions
solve|sports_fitness
technique|describing_things,home_furniture
tool|jobs
combine|science_basics
hide|home_furniture
plus|function_words
extremely|weather
owner|weather
connect|it_technology
cultural|government_society,events
unfortunately|transport
chapter|school
apparently|shopping
burn|weather
initial|meetings
mostly|weather
currently|time_dates,linking_words
beach|nature_landscape
powerful|friends_relationships
aid|friends_relationships
engineer|jobs
investigation|contracts_law
expand|office,daily_routine
commit|meetings
relatively|describing_things,linking_words
district|school,government_society
tire|friends_relationships
enable|friends_relationships
convince|friends_relationships
environmental|school
volume|sales_customer
monitor|time_dates,jobs
finance|finance_accounting
carefully|language_learning,linking_words
pack|logistics
theater|arts_entertainment
visitor|city_directions
objective|friends_relationships
moreover|describing_things,linking_words
onto|function_words
scientist|science_basics
bomb|city_directions
normally|transport
delivery|hotel_restaurant
basically|describing_things,linking_words
mainly|school
gun|age_life_stages
familiar|city_directions
locate|city_directions
citizen|government_society,contracts_law
troop|describing_things,home_furniture
corporate|office,daily_routine
tear|core_verbs
border|transport
assessment|school
shoe|clothes
ad|internet_social
hall|city_directions
studio|arts_entertainment
component|science_basics
suspect|contracts_law
industrial|describing_things,daily_routine
assess|school
explore|travel_holidays
leadership|sports_fitness
commitment|describing_things,daily_routine
slowly|language_learning,linking_words
literature|school
threaten|weather
amaze|marketing
label|language_learning,events
investigate|sports_fitness
recommendation|sports_fitness
resident|numbers_quantity
concentrate|hotel_restaurant
entirely|describing_things,linking_words
strongly|meetings
consist|school
insist|language_learning,jobs
abuse|health_illness
ice|nature_landscape
definitely|time_dates,linking_words
nevertheless|describing_things,linking_words
predict|weather
previously|time_dates,linking_words
shot|numbers_quantity
theme|office,daily_routine
judgment|feelings_personality
odd|numbers_quantity
definition|describing_things,home_furniture
farmer|food_drink
identity|money_banking
seriously|describing_things,linking_words
investor|office,home_furniture
lovely|time_dates,events
youth|family
increasingly|numbers_quantity
ourselves|function_words
conservative|events
honor|describing_things,home_furniture
outcome|events
explanation|describing_things,home_furniture
dad|family
suitable|time_dates,events
mail|hotel_restaurant
researcher|health_illness
personality|feelings_personality
specifically|numbers_quantity
fellow|school
chairman|meetings
disappear|time_dates,jobs
significantly|time_dates,linking_words
instruction|school
intelligence|school
cat|animals
joint|money_banking
poll|transport
reduction|shopping,money_banking
bore|friends_relationships
phase|science_basics
ban|school
protest|describing_things,daily_routine
frequently|time_dates,linking_words
helpful|friends_relationships
sick|health_illness
coast|nature_landscape
multiple|numbers_quantity
via|function_words
legislation|it_technology
county|government_society,city_directions
mobile|sales_customer
everywhere|body_appearance
reward|sports_fitness
voter|numbers_quantity
meanwhile|home_furniture
furthermore|school
construct|nature_landscape
professor|university,school
intention|friends_relationships
settlement|time_dates,events
widely|numbers_quantity
equally|university
variable|weather
enormous|weather
emotion|describing_things,arts_entertainment
urge|friends_relationships
priority|numbers_quantity
stable|jobs
merely|describing_things,linking_words
producer|office,home_furniture
regional|office,daily_routine
childhood|nature_landscape
accompany|friends_relationships
politician|friends_relationships
illustrate|school
lake|nature_landscape
qualify|friends_relationships
competitive|shopping,sales_customer
hi|language_learning,events
disk|office,home_furniture
emotional|media_news
aircraft|weather
metal|describing_things,home_furniture
panel|home_furniture
prime|time_dates,events
emphasize|core_verbs
maximum|numbers_quantity
effectively|science_basics
elsewhere|body_appearance
bother|health_illness
gray|weather
complicate|science_basics
disappoint|friends_relationships
boss|travel_holidays
assumption|describing_things,home_furniture
freeze|weather
mechanism|jobs
democracy|science_basics
concentration|school
implication|office,daily_routine
unusual|weather
classic|time_dates,events
king|government_society,events
collapse|weather
presidential|hr_recruiting
perfectly|describing_things,linking_words
enhance|describing_things,core_verbs
educational|it_technology
substantial|numbers_quantity
manufacturer|transport
personally|office,linking_words
cope|school
highlight|media_news,core_verbs
corporation|office,home_furniture
winner|sports_fitness
encounter|friends_relationships
excuse|time_dates,events
partly|weather
tennis|sports_fitness,arts_entertainment
urban|transport
confuse|friends_relationships
southern|describing_things,daily_routine
occupy|time_dates,jobs
illness|health_illness
originally|numbers_quantity
secondly|time_dates,linking_words
severe|weather
gene|hr_recruiting
snow|weather
criteria|friends_relationships
primarily|it_technology
integrate|describing_things,numbers_quantity
criticism|describing_things,home_furniture
sequence|shopping
rural|numbers_quantity
rapidly|city_directions
premise|describing_things,home_furniture
dramatic|time_dates,events
protein|describing_things,home_furniture
bike|transport
intellectual|school
unemployment|time_dates,events
interpretation|language_learning,events
drama|arts_entertainment
educate|transport
exhibit|arts_entertainment
dominate|office,core_verbs
typically|travel_holidays
peer|school
acquisition|office,home_furniture
retirement|time_dates,events
respectively|numbers_quantity
variation|weather
ultimately|time_dates,linking_words
preparation|school
emphasis|school
entertainment|time_dates,events
publication|school
framework|office,home_furniture
zone|time_dates,events
equivalent|language_learning,events
enterprise|office,home_furniture
elderly|family
contemporary|arts_entertainment
gate|transport
beer|weather
specialist|health_illness
virtually|travel_holidays
tension|hotel_restaurant
cable|it_technology
input|internet_social
isolate|health_illness
eliminate|science_basics
welfare|school
inspire|friends_relationships
crew|transport,media_news
phenomenon|describing_things,home_furniture
pupil|school
formula|contracts_law
alter|weather
stare|time_dates,jobs
hero|friends_relationships
supporter|sports_fitness
meter|describing_things,home_furniture
terrorist|friends_relationships
justify|describing_things,core_verbs
fascinate|friends_relationships
guilty|feelings_personality
underlie|office,daily_routine
mom|family
incorporate|describing_things,numbers_quantity
pub|transport
perception|travel_holidays
database|it_technology
initially|meetings
territory|nature_landscape,government_society
rarely|time_dates,linking_words
scare|friends_relationships,feelings_personality
everyday|time_dates,events
essay|school,language_learning
scream|friends_relationships
disorder|health_illness
analyst|science_basics
transform|cooking
wound|body_appearance
restriction|age_life_stages
designer|clothes
singer|jobs
gradually|time_dates,linking_words
tank|environment_energy
remarkable|time_dates,events
transition|school
adjust|body_appearance
creative|feelings_personality
nowadays|friends_relationships
poem|language_learning,events
alcohol|food_drink
planet|weather
extensive|university
independence|numbers_quantity
consult|health_illness
pink|clothes
intervention|time_dates,events
radical|office,daily_routine
similarly|time_dates,linking_words
dimension|language_learning,events
subsequent|numbers_quantity
infection|health_illness
statistic|transport
regularly|sports_fitness
iron|describing_things,home_furniture
ally|government_society,events
quantity|numbers_quantity,describing_things
bend|body_appearance
mature|age_life_stages
briefly|time_dates,linking_words
disturb|friends_relationships
newly|home_furniture
boot|clothes
desert|weather
mate|family
occasionally|food_drink
discovery|city_directions
frequency|time_dates,events
criticize|sports_fitness,friends_relationships
attribute|school
entitle|friends_relationships
involvement|family
edit|media_news,it_technology
formation|describing_things,home_furniture
overseas|university
advocate|describing_things,home_furniture
tube|logistics
characterize|weather
specify|office,core_verbs
operator|it_technology
infant|family
wrap|clothes
specialize|shopping
precisely|transport
offense|contracts_law
detect|cooking
teenager|family
moderate|sports_fitness
musician|city_directions
shower|weather
illegal|government_society,events
universal|language_learning,events
cigarette|time_dates,events
constitute|office,numbers_quantity
adequate|describing_things,daily_routine
consultant|office,home_furniture
historian|school
visual|school
ethnic|numbers_quantity
clinical|health_illness
eastern|city_directions
segment|shopping
sand|weather
react|media_news
preference|numbers_quantity
league|sports_fitness
dialog|school
opponent|friends_relationships
capability|it_technology
correspond|core_verbs
barrier|language_learning,events
frequent|shopping
survival|government_society,events
counter|shopping,cooking
valley|weather
greatly|time_dates,linking_words
awareness|marketing
wealthy|family
architecture|science_basics
acceptable|office,daily_routine
journal|numbers_quantity
measurement|numbers_quantity
successfully|school
depress|feelings_personality
illustration|school,describing_things
privilege|sports_fitness
buyer|time_dates,events
motivate|school
laboratory|science_basics
fulfill|core_verbs
dedicate|age_life_stages
evaluation|numbers_quantity
opera|arts_entertainment
embarrass|feelings_personality,friends_relationships
genetic|school
format|office,home_furniture
literary|school
embrace|transport
publisher|school
celebration|events
golf|sports_fitness,arts_entertainment
versus|function_words
deficit|money_banking,finance_accounting
friendship|family
profession|jobs
literally|language_learning,linking_words
equation|describing_things,home_furniture
entertain|arts_entertainment
fantastic|school
inflation|time_dates,events
injure|friends_relationships
therapy|science_basics
disagree|describing_things,core_verbs
insight|travel_holidays
tackle|transport
forever|time_dates,linking_words
exceed|numbers_quantity
gear|describing_things,numbers_quantity
poet|office,daily_routine
mixture|describing_things,home_furniture
automatically|friends_relationships
scholar|school
psychological|office,daily_routine
dramatically|numbers_quantity
partnership|office,daily_routine
participation|events
penalty|time_dates,events
chamber|government_society,events
poetry|school
chat|internet_social
evolve|time_dates,jobs
abortion|government_society,contracts_law
boom|travel_holidays
democratic|government_society,events
consequently|transport
whilst|function_words
constraint|time_dates,events
bin|logistics
undergo|time_dates,jobs
potentially|describing_things,linking_words
diversity|numbers_quantity
allege|office,core_verbs
craft|shopping
shell|animals
humor|describing_things,home_furniture
limitation|friends_relationships
indication|weather
jail|describing_things,home_furniture
trigger|core_verbs
guitar|arts_entertainment
piano|school
magic|environment_energy
ski|weather
whisper|language_learning,jobs
presumably|travel_holidays
bless|friends_relationships
airline|transport
amendment|contracts_law
grandmother|family
cooperation|office,home_furniture
regardless|weather
racial|sports_fitness
hopefully|weather
paragraph|numbers_quantity
maker|food_drink
chocolate|weather
stimulate|numbers_quantity
belt|clothes
narrative|school
barely|arts_entertainment
invent|it_technology
tourism|office,home_furniture
pro|numbers_quantity
stair|hotel_restaurant
hesitate|friends_relationships
motivation|friends_relationships
firmly|describing_things,linking_words
championship|sports_fitness
immigrant|government_society,events
complexity|government_society,media_news
surprisingly|school
extract|health_illness,core_verbs
implementation|office,daily_routine
stamp|shopping
guideline|contracts_law
envelope|office,home_furniture
biological|science_basics
wherever|describing_things,home_furniture
printer|office,home_furniture
firstly|numbers_quantity
exhaust|friends_relationships
quietly|describing_things,linking_words
castle|describing_things,age_life_stages
veteran|sports_fitness
reflection|time_dates,media_news
logic|describing_things,home_furniture
controversial|government_society,media_news
hook|clothes
bell|school
panic|describing_things,home_furniture
uncle|family
happiness|shopping
vessel|transport
transportation|government_society,contracts_law
harbor|numbers_quantity
storage|weather
universe|describing_things,numbers_quantity
portrait|media_news
innocent|contracts_law
substitute|school
supplement|time_dates,media_news
filter|food_drink
flexible|jobs
abstract|describing_things,daily_routine
tent|nature_landscape
shade|weather
situate|city_directions
summarize|school
leap|describing_things,daily_routine
refugee|government_society,media_news
shore|weather
monthly|time_dates,numbers_quantity
comprise|school
excitement|feelings_personality
pregnancy|time_dates,media_news
experimental|health_illness
institutional|numbers_quantity
empire|office,home_furniture
subsequently|jobs
attendance|school
qualification|school
suspend|sales_customer,hotel_restaurant
functional|describing_things,daily_routine
stain|food_drink
server|science_basics
structural|describing_things,daily_routine
gently|language_learning,linking_words
compute|shopping
theoretical|school
mayor|city_directions
aunt|family
fragment|describing_things,home_furniture
immigration|travel_holidays
density|describing_things,home_furniture
module|school
faithfully|time_dates,linking_words
autumn|weather
holder|events
rose|weather
noun|language_learning,media_news
alright|feelings_personality
hello|language_learning,media_news
insure|transport
found|office,core_verbs
blog|travel_holidays
reasonably|hotel_restaurant
